YEAR,MONTH,BEGIN_LAT,BEGIN_LON,TOR_F_SCALE,DEATHS_DIRECT,DEATHS_INDIRECT,INJURIES_DIRECT,INJURIES_INDIRECT,DAMAGE_PROPERTY,DAMAGE_CROPS,RADAR_DIST,RADAR_2026
2021,12,36.3178,-86.3235,0,0,0,0,0,10000.0,0.0,22.815128031296936,True
2021,12,36.0255,-87.3054,0,0,0,0,0,10000.0,0.0,71.12392804126156,True
2021,12,35.9205,-87.6423,1,0,0,0,0,50000.0,0.0,96.2319434976015,True
2021,12,36.1065,-87.1941,1,0,0,0,0,15000.0,0.0,58.809836329884845,True
2021,12,36.2635,-86.6578,0,0,0,0,0,250000.0,0.0,8.73484883536961,True
2021,12,36.5028,-88.0451,2,0,0,4,0,2000000.0,0.0,72.65010999859004,True
2021,12,36.1107,-87.1726,2,0,0,1,0,1500000.0,0.0,56.82400802819572,True
2021,12,36.3296,-86.2965,0,0,0,0,0,5000.0,0.0,25.540372568249854,True
2021,12,36.1899,-86.5739,1,0,0,1,0,1000000.0,0.0,6.455217690480587,True
2021,12,36.443,-86.4358,0,0,0,0,0,25000.0,0.0,24.549763984467976,True
2021,12,35.234,-87.544,0,0,0,0,0,5000.0,0.0,137.10194865145536,True
2021,12,36.2691,-86.6428,1,0,0,0,0,1500000.0,0.0,7.5999045498498745,True
2021,12,36.1634,-86.6223,0,0,0,0,0,250000.0,0.0,10.75441710232809,True
2021,12,36.1819,-86.9594,0,0,0,0,0,250000.0,0.0,36.3403802020365,True
2021,12,35.9786,-87.4798,0,0,0,0,0,10000.0,0.0,86.0786265742926,True
2021,12,35.3472,-85.712,0,0,0,0,0,50000.0,0.0,57.3429290091659,True
2021,12,36.479,-85.195,0,0,0,0,0,5000.0,0.0,125.13114543857897,True
2021,12,43.9605,-91.7908,0,0,0,0,0,95000.0,0.0,50.43689640708028,True
2021,12,43.9965,-91.58,1,0,0,0,0,100000.0,0.0,36.65739023251669,True
2021,12,44.1934,-92.9007,1,0,0,0,0,10000.0,0.0,89.94630751123927,True
2021,12,44.1342,-92.1343,1,0,0,0,0,65000.0,0.0,83.03589036767757,True
2021,12,43.7582,-91.6525,1,0,0,0,0,300000.0,0.0,37.72552504158328,True
2021,12,35.3935,-86.2727,1,0,0,0,0,20000.0,0.0,54.271696196632654,True
2021,12,36.385,-86.2221,0,0,0,0,0,15000.0,0.0,34.13039384864531,True
2021,5,40.8403,-98.0049,-1,0,0,0,0,0.0,0.0,68.54722106094337,True
2021,5,41.0707,-97.6259,0,0,0,0,0,45000.0,0.0,108.09859099184311,True
2021,5,40.8401,-97.9914,0,0,0,0,0,45000.0,0.0,69.14921502563858,True
2021,5,34.065,-89.024,0,0,0,0,0,5000.0,0.0,66.73588994958016,True
2021,5,33.762,-89.471,0,0,0,0,0,10000.0,0.0,106.52927839330654,True
2021,5,34.367,-88.5602,0,0,0,0,0,15000.0,0.0,56.43056652940608,True
2021,12,36.4803,-85.1748,0,0,0,0,0,20000.0,0.0,126.93004083674874,True
2021,12,36.4755,-85.3063,0,0,0,0,0,15000.0,0.0,115.3134152947553,True
2021,8,42.438,-71.565,0,0,0,0,0,2000.0,0.0,64.18066868915757,True
2021,8,42.4357,-71.5001,0,0,0,0,0,2000.0,0.0,61.182512002743856,True
2021,8,42.311,-71.577,0,0,0,0,0,8000.0,0.0,53.642156334775315,True
2021,12,36.2945,-85.8457,0,0,0,0,0,5000.0,0.0,64.47466697016499,True
2021,8,40.67,-115.67,0,0,0,0,0,0.0,0.0,95.79984434960966,True
2021,5,36.3001,-89.7007,0,0,0,0,0,50000.0,0.0,107.36747538213957,True
2021,8,35.846,-81.052,1,0,0,0,0,5000.0,0.0,148.33765665354292,True
2021,8,35.804,-81.022,1,0,0,0,0,10000.0,0.0,149.27827688051102,True
2021,8,34.898,-83.282,0,0,0,0,0,0.0,0.0,96.89078850908959,True
2021,8,34.797,-82.928,0,0,0,0,0,10000.0,0.0,65.33818985199174,True
2021,8,34.765,-82.3,1,0,0,0,0,100000.0,0.0,15.052909059574713,True
2021,8,34.728,-82.144,1,0,0,0,0,20000.0,0.0,18.604750379595096,True
2021,8,34.657,-82.168,0,0,0,0,0,0.0,0.0,25.604877565616984,True
2021,8,34.621,-82.725,0,0,0,0,0,0.0,0.0,54.59608344482049,True
2021,5,34.075,-89.009,0,0,0,0,0,20000.0,0.0,65.73217102885899,True
2021,5,34.193,-88.825,1,0,0,0,0,25000.0,0.0,56.309803223689016,True
2021,3,33.1157,-87.1707,2,0,0,0,0,0.0,0.0,37.85280397678996,True
2021,3,33.502,-86.444,1,0,0,0,0,0.0,0.0,47.56627274688689,True
2021,3,32.9386,-87.5753,3,0,0,0,0,0.0,0.0,79.43467420838897,True
2021,5,34.379,-88.542,0,0,0,0,0,10000.0,0.0,57.071902678517866,True
2021,6,40.4327,-84.7917,2,0,0,0,0,1000000.0,50000.0,128.1713751064853,True
2021,6,39.6181,-84.4696,1,0,0,0,0,50000.0,0.0,59.7731747163737,True
2021,3,33.962,-85.634,0,0,0,0,0,0.0,0.0,115.31907550889643,True
2021,3,32.8781,-87.9756,1,0,0,0,0,0.0,0.0,117.07437494627877,True
2021,6,39.0595,-85.0532,1,0,0,0,0,50000.0,0.0,113.39317472363443,True
2021,12,36.1701,-86.9911,0,0,0,0,0,5000.0,0.0,39.39850318557138,True
2021,12,36.3099,-86.3301,0,0,0,0,0,5000.0,0.0,21.967255113801976,True
2021,12,36.2416,-85.9548,0,0,0,0,0,15000.0,0.0,54.50139928322249,True
2021,8,30.3156,-89.2582,1,0,0,0,0,50000.0,0.0,105.63552796221256,True
2021,6,30.3287,-89.2314,0,0,0,0,0,50000.0,0.0,102.70046025028874,True
2021,6,38.5749,-83.5119,0,0,0,0,0,20000.0,0.0,97.73784464097808,True
2021,2,29.8599,-81.4972,0,0,0,0,0,0.0,0.0,72.20004103347215,True
2021,2,30.207,-82.738,0,0,0,0,0,0.0,0.0,80.06569106210402,True
2021,3,32.1233,-88.0426,2,0,0,0,0,0.0,0.0,161.6361369845033,True
2021,12,36.5809,-85.7738,1,0,0,0,0,500000.0,0.0,79.73439001693724,True
2021,12,36.1424,-86.5901,0,0,0,0,0,250000.0,0.0,11.915689248825393,True
2021,12,35.903,-87.7074,1,0,0,0,0,25000.0,0.0,100.12598892002762,True
2021,6,31.0589,-87.0649,2,0,0,20,0,3200000.0,0.0,119.80374414050827,True
2021,6,30.3548,-88.5285,0,0,0,0,0,15000.0,0.0,45.47872282840764,True
2021,10,39.883,-93.361,2,0,0,0,0,250000.0,0.0,142.351381908901,True
2021,10,39.6209,-94.2064,1,0,0,0,0,10000.0,0.0,90.27994309219368,True
2021,10,38.6954,-93.1778,0,0,0,0,0,0.0,0.0,95.09126645387121,True
2021,8,42.0394,-88.9328,-1,0,0,0,0,0.0,0.0,85.32912341419471,True
2021,8,41.53,-89.34,-1,0,0,0,0,0.0,0.0,103.62100940066416,True
2021,12,34.39,-86.95,-1,0,0,0,0,0.0,0.0,99.45804015389523,True
2021,4,30.6,-90.85,0,0,0,0,0,5000.0,0.0,43.31156033089617,True
2021,11,36.118,-95.761,0,0,0,0,0,75000.0,0.0,18.778722525368273,True
2021,11,36.132,-95.976,0,0,0,0,0,25000.0,0.0,37.286655662761746,True
2021,5,34.1795,-88.8421,1,0,0,0,0,100000.0,0.0,56.753724250756946,True
2021,5,34.52,-103.62,0,0,0,0,0,0.0,0.0,191.49592921671749,True
2021,5,34.78,-106.7,0,0,0,0,0,0.0,0.0,42.63265147951368,True
2021,5,35.55,-103.2,0,0,0,0,0,0.0,0.0,139.6416134510257,True
2021,5,36.48,-104.58,0,0,0,0,0,0.0,0.0,250.62123939119374,True
2021,5,38.57,-88.433,0,0,0,0,0,0.0,0.0,70.68536738844854,True
2021,12,35.8371,-87.8041,2,0,0,0,0,100000.0,0.0,110.31785761518992,True
2021,12,35.7921,-87.8848,0,0,0,0,0,15000.0,0.0,117.99619068488485,True
2021,12,35.9855,-87.4632,2,0,0,2,0,2000000.0,0.0,85.0358603734679,True
2021,4,32.3824,-93.4585,1,0,0,0,0,10000.0,0.0,36.7238348131193,True
2021,4,32.1803,-93.4805,1,0,0,0,0,50000.0,0.0,45.32201141017566,True
2021,4,32.236,-93.338,1,0,0,0,0,0.0,0.0,52.96859788724739,True
2021,4,31.4524,-83.0035,2,0,0,0,0,0.0,0.0,62.5062133684553,True
2021,4,34.7,-97.172,1,0,0,0,0,30000.0,0.0,71.04764397234347,True
2021,4,32.5509,-92.3982,0,0,0,0,0,0.0,0.0,135.78384488519168,True
2021,4,36.7392,-93.2499,0,0,0,0,0,25000.0,0.0,56.754292065662725,True
2021,4,31.7064,-84.5203,1,0,0,0,0,0.0,0.0,93.05937769248993,True
2021,4,27.4364,-82.6084,1,0,0,1,0,1000000.0,0.0,36.165741863730155,True
2021,5,32.5776,-101.12,0,0,0,0,0,0.0,0.0,122.80129249760729,True
2021,4,31.3981,-85.049,1,0,0,0,0,75000.0,0.0,39.551544866873115,True
2021,4,31.2595,-85.0335,0,0,0,0,0,0.0,0.0,46.205852050959386,True
2021,2,32.8911,-94.0091,1,0,0,0,0,30000.0,0.0,51.41532287702504,True
2021,4,34.877,-82.051,0,0,0,0,0,0.0,0.0,15.416386326600106,True
2021,4,27.999,-81.7849,0,0,0,0,0,15000.0,2000.0,68.89698490336244,True
2021,4,30.7845,-86.364,1,0,0,0,0,10000.0,0.0,48.83800364794967,True
2021,4,30.2347,-85.9177,2,0,0,0,0,500000.0,0.0,36.73298355315488,True
2021,5,39.8799,-89.9497,-1,0,0,0,0,0.0,0.0,60.24715597954373,True
2021,4,31.3984,-85.2407,1,0,0,2,0,100000.0,0.0,21.869137822159413,True
2021,4,31.2399,-85.17,0,0,0,0,0,25000.0,0.0,36.838958833143636,True
2021,4,30.166,-85.7952,0,0,0,0,0,0.0,0.0,45.99899933778573,True
2021,6,35.7596,-89.9404,0,0,0,0,0,0.0,0.0,46.52985764756817,True
2021,5,39.8478,-89.4508,-1,0,0,0,0,0.0,0.0,35.03065082493362,True
2021,5,39.8267,-89.4282,-1,0,0,0,0,0.0,0.0,36.836403615228825,True
2021,5,38.7593,-88.4532,-1,0,0,0,0,0.0,0.0,84.25713763425136,True
2021,4,39.633,-88.3524,-1,0,0,0,0,0.0,0.0,101.80422433767578,True
2021,8,28.21,-82.62,0,0,0,0,0,10000.0,0.0,60.07109661271841,True
2021,4,37.4361,-90.0159,1,0,0,0,0,0.0,0.0,117.44938816373482,True
2021,4,42.7844,-85.6384,0,0,0,0,0,75000.0,0.0,14.364557546599492,True
2021,4,38.6155,-103.1625,-1,0,0,0,0,0.0,0.0,151.49580895028788,True
2021,4,38.6226,-103.1092,-1,0,0,0,0,0.0,0.0,147.22511676994836,True
2021,4,38.64,-103.25,0,0,0,0,0,0.0,0.0,156.4139621805244,True
2021,4,38.85,-103.83,0,0,0,0,0,0.0,0.0,120.98880026901091,True
2021,4,38.6185,-103.1028,-1,0,0,0,0,0.0,0.0,147.0284997916627,True
2021,4,38.6175,-103.1057,-1,0,0,0,0,0.0,0.0,147.29875359589113,True
2021,4,38.954,-102.6085,-1,0,0,0,0,0.0,0.0,90.77483555968104,True
2021,5,29.975,-90.2596,0,0,0,0,0,100000.0,0.0,62.19869718779232,True
2021,4,34.1,-99.51,-1,0,0,0,0,0.0,0.0,57.0443363627862,True
2021,4,29.4247,-81.1268,0,0,0,0,0,0.0,0.0,130.23192765028506,True
2021,4,39.8205,-122.1381,0,0,0,0,0,10000.0,20000.0,56.397586435924026,True
2021,4,36.7651,-93.2058,0,0,0,0,0,125000.0,0.0,55.058977709671225,True
2021,4,36.8677,-93.1012,0,0,0,0,0,5000.0,0.0,48.73309441555757,True
2021,4,36.8423,-92.3251,0,0,0,0,0,250000.0,0.0,104.9582193156028,True
2021,5,32.8057,-101.8854,0,0,0,0,0,0.0,0.0,94.57351549442632,True
2021,4,34.21,-98.89,0,0,0,0,0,0.0,0.0,18.702103214799077,True
2021,4,30.373,-84.529,0,0,0,0,0,0.0,0.0,19.387079257188116,True
2021,5,34.2333,-88.752,1,0,0,0,0,1000000.0,0.0,53.99963061894855,True
2021,5,35.473,-89.8984,1,0,0,0,0,200000.0,0.0,14.443902435628127,True
2021,5,36.661,-89.089,1,0,0,0,0,350000.0,0.0,53.35770127342996,True
2021,5,35.405,-94.436,1,0,0,0,0,0.0,0.0,14.406436972863796,True
2021,5,35.555,-94.153,1,0,0,0,0,20000.0,0.0,34.98334313937398,True
2021,5,30.43,-91.94,0,0,0,0,0,0.0,0.0,127.11653191455689,True
2021,5,30.2,-92.96,0,0,0,0,0,0.0,0.0,25.96461232421856,True
2021,5,30.53,-91.95,0,0,0,0,0,0.0,0.0,120.10451385920152,True
2021,5,36.52,-89.031,2,0,0,0,0,310000.0,0.0,65.18922828182443,True
2021,5,30.1006,-92.3618,0,0,0,0,0,5000.0,0.0,82.19781762606394,True
2021,5,30.1157,-93.1997,0,0,0,0,0,10000.0,0.0,1.8871286177486937,True
2021,5,30.28,-92.68,0,0,0,0,0,0.0,0.0,54.295193142333304,True
2021,5,30.27,-92.33,0,0,0,0,0,0.0,0.0,86.64452981224657,True
2021,5,33.6918,-106.5524,0,0,0,0,0,0.0,0.0,79.27937054374266,True
2021,5,30.3884,-90.1932,0,0,0,0,0,0.0,0.0,25.187148890326913,True
2021,5,29.9492,-90.119,0,0,0,0,0,25000.0,0.0,69.21298130408256,True
2021,5,36.758,-88.578,1,0,0,0,0,15000.0,0.0,38.57509098807536,True
2021,5,36.74,-103.11,0,0,0,0,0,0.0,0.0,209.63857442410443,True
2021,5,35.16,-103.27,0,0,0,0,0,0.0,0.0,142.05018154757076,True
2021,5,29.9018,-90.3495,0,0,0,0,0,35000.0,0.0,68.92115939217165,True
2021,5,36.5544,-88.6519,1,0,0,0,0,165000.0,0.0,58.13699431841686,True
2021,5,36.819,-87.468,0,0,0,0,0,45000.0,1000.0,18.694907539956766,True
2021,5,42.966,-97.121,-1,0,0,0,0,0.0,0.0,76.07677355227787,True
2021,5,43.983,-97.366,-1,0,0,0,0,0.0,0.0,67.43274003247427,True
2021,5,36.348,-86.7939,0,0,0,0,0,15000.0,0.0,23.57172278023493,True
2021,5,33.835,-89.3249,1,0,0,0,0,500000.0,0.0,92.19090778415841,True
2021,5,36.623,-89.262,1,0,0,0,0,85000.0,0.0,65.9823166593608,True
2021,5,34.33,-106.48,0,0,0,0,0,0.0,0.0,96.41250476367436,True
2021,5,36.5776,-86.5997,0,0,0,0,0,5000.0,0.0,36.887092722501485,True
2021,5,36.4703,-86.6518,0,0,0,0,0,5000.0,0.0,26.06245324549679,True
2021,5,34.941,-90.972,0,0,0,0,0,25000.0,0.0,109.52009346841203,True
2021,5,38.7537,-99.2556,-1,0,0,0,0,0.0,0.0,126.75602467815435,True
2021,5,38.7856,-99.1494,0,0,0,0,0,0.0,0.0,134.54187098437203,True
2021,2,30.89,-84.82,0,0,0,0,0,0.0,0.0,72.1562968285028,True
2021,5,36.4177,-86.2701,0,0,0,0,0,15000.0,0.0,32.33260727897172,True
2021,5,36.4675,-86.7798,0,0,0,0,0,25000.0,0.0,31.28273872981997,True
2021,5,31.6904,-92.2236,-1,0,0,0,0,0.0,0.0,92.92629609351927,True
2021,5,32.9291,-92.1492,0,0,0,0,0,0.0,0.0,167.03440682430463,True
2021,2,31.3,-84.7,2,0,0,5,0,500000.0,0.0,74.2657394967603,True
2021,5,33.71,-105.11,0,0,0,0,0,0.0,0.0,117.2457622572136,True
2021,5,34.2928,-106.6297,0,0,0,0,0,0.0,0.0,96.92370095395313,True
2021,6,40.2782,-88.3316,-1,0,0,0,0,0.0,0.0,86.52572706038157,True
2021,6,40.028,-88.7761,-1,0,0,0,0,0.0,0.0,49.603708704127904,True
2021,6,40.0423,-88.7408,0,0,0,0,0,0.0,0.0,52.10259226970218,True
2021,6,40.0766,-88.6983,-1,0,0,0,0,0.0,0.0,54.91419524401261,True
2021,6,42.9329,-86.062,0,0,0,0,0,100000.0,0.0,42.33574124598474,True
2021,4,29.2992,-99.1021,1,0,0,0,0,500000.0,0.0,113.22400330502934,True
2021,3,44.0267,-73.1449,1,0,0,2,0,75000.0,0.0,53.88999419305973,True
2021,6,40.4025,-88.9336,0,0,0,0,0,0.0,0.0,44.21737041879159,True
2021,6,39.9347,-89.4093,0,0,0,0,0,0.0,0.0,24.775968344725143,True
2021,6,38.409,-87.593,0,0,0,1,0,20000.0,8000.0,20.12979420696142,True
2021,4,34.707,-82.992,0,0,0,0,0,30000.0,0.0,73.18340566058723,True
2021,4,35.242,-81.823,0,0,0,0,0,5000.0,0.0,53.808407264234496,True
2021,4,35.667,-81.86,0,0,0,0,0,1000.0,0.0,93.06409031245352,True
2021,6,35.96,-105.21,0,0,0,0,0,0.0,0.0,171.5567540228114,True
2021,6,38.0363,-87.0487,0,0,0,0,0,0.0,0.0,64.12896322765262,True
2021,6,39.6696,-92.062,-1,0,0,0,0,0.0,0.0,160.56395216255592,True
2021,6,39.691,-91.5,0,0,0,0,0,0.0,0.0,130.880066471389,True
2021,6,39.726,-91.409,0,0,0,0,0,0.0,0.0,130.22471102179838,True
2021,4,35.824,-94.726,-1,0,0,0,0,0.0,0.0,67.8622124410205,True
2021,6,35.5347,-105.0557,-1,0,0,0,0,0.0,0.0,165.9912055420131,True
2021,6,33.5853,-102.2992,-1,0,0,0,0,0.0,0.0,45.55989861827845,True
2021,6,38.4728,-87.2592,1,0,0,0,0,3000.0,0.0,46.95101188743939,True
2021,9,41.75,-72.299,0,0,0,0,0,40000.0,0.0,98.93512641245466,True
2021,6,34.6064,-91.9044,-1,0,0,0,0,0.0,0.0,41.49403523596569,True
2021,6,41.4273,-87.6465,0,0,0,0,0,0.0,0.0,41.44272420080965,True
2021,6,40.7473,-88.293,0,0,0,0,0,0.0,0.0,96.89479224389578,True
2021,6,40.808,-88.0024,1,0,0,0,0,0.0,0.0,88.82561624880292,True
2021,6,34.5187,-91.9208,0,0,0,0,0,0.0,5000.0,47.1267150850283,True
2021,6,41.4713,-87.5205,0,0,0,0,0,0.0,0.0,49.21676608547138,True
2021,5,40.47,-98.02,-1,0,0,0,0,0.0,0.0,39.39411153439979,True
2021,6,36.0403,-76.488,0,0,0,0,0,25000.0,0.0,114.73412984096774,True
2021,6,41.5618,-87.1239,0,0,0,0,0,0.0,0.0,80.03124232840719,True
2021,6,41.6134,-88.2032,0,0,0,0,0,0.0,0.0,9.923827846322952,True
2021,6,41.7374,-87.9151,3,0,0,0,0,0.0,0.0,20.406246787556892,True
2021,6,41.9291,-87.9783,0,0,0,0,0,0.0,0.0,37.158291343620576,True
2021,4,38.756,-102.8951,-1,0,0,0,0,0.0,0.0,123.51805566794727,True
2021,4,38.6702,-103.0267,-1,0,0,0,0,0.0,0.0,138.32224497464256,True
2021,6,28.479,-80.729,0,0,0,0,0,5000.0,0.0,41.34140166012406,True
2021,6,43.354,-75.5349,1,0,0,0,0,55000.0,0.0,46.184988677305064,True
2021,6,42.46,-76.34,1,0,0,0,0,49000.0,0.0,41.11906878189631,True
2021,4,35.836,-94.676,1,0,0,0,0,50000.0,0.0,66.99086005613033,True
2021,4,35.092,-95.814,1,0,0,0,0,25000.0,0.0,122.52184832455374,True
2021,6,39.2991,-102.4282,-1,0,0,0,0,0.0,0.0,63.05935171293135,True
2021,2,36.794,-85.021,1,0,0,0,0,40000.0,0.0,150.56829745078392,True
2021,3,29.8757,-98.2665,1,0,0,0,0,100000.0,0.0,29.85543853709254,True
2021,4,30.2353,-85.6503,1,0,0,0,0,100000.0,0.0,44.962030809435106,True
2021,3,31.6743,-84.3793,1,0,0,0,0,20000.0,0.0,105.05120139062849,True
2021,3,31.6791,-84.172,1,0,0,0,0,250000.0,0.0,124.36097280723507,True
2021,4,33.6219,-94.2196,1,0,0,0,0,5000.0,0.0,134.9086148586121,True
2021,3,29.7254,-82.675,0,0,0,0,0,0.0,0.0,126.0527359389832,True
2021,3,33.9519,-88.816,0,0,0,0,0,25000.0,0.0,45.330611240530864,True
2021,3,34.0783,-88.6295,0,0,0,0,0,10000.0,0.0,34.25551959982855,True
2021,4,35.97,-85.2,0,0,0,0,0,25000.0,0.0,126.22019160194381,True
2021,3,35.53,-88.528,1,0,0,0,0,100000.0,0.0,123.60950874167122,True
2021,3,38.7737,-94.6992,0,0,0,0,0,100000.0,0.0,37.896531851528394,True
2021,4,31.1309,-92.3732,1,0,0,0,0,30000.0,0.0,57.41580933137447,True
2021,4,41.6877,-73.5052,0,0,0,0,0,2000.0,5000.0,105.97029035587848,True
2021,3,35.93,-79.99,1,0,0,0,0,500000.0,0.0,124.28938324144723,True
2021,3,35.5452,-88.3671,0,0,0,0,0,10000.0,0.0,138.25319660004774,True
2021,3,35.554,-88.064,0,0,0,0,0,0.0,0.0,148.95031124384397,True
2021,3,33.8714,-89.1842,0,0,0,0,0,150000.0,0.0,78.97695933260812,True
2021,3,31.4715,-82.2066,0,0,0,0,0,0.0,0.0,99.496624225296,True
2021,3,34.28,-99.965,-1,0,0,0,0,0.0,0.0,91.2226456459908,True
2021,3,34.3834,-99.88,-1,0,0,0,0,0.0,0.0,82.94023097090022,True
2021,3,34.49,-99.7704,0,0,0,0,0,0.0,0.0,74.17566229886175,True
2021,4,31.0811,-92.054,1,0,0,0,0,250000.0,0.0,88.13942093204963,True
2021,4,31.0972,-91.8683,1,0,0,0,0,100000.0,0.0,105.61874012350953,True
2021,4,30.7272,-92.032,1,0,0,0,0,20000.0,0.0,101.82405764940663,True
2021,4,30.666,-91.9586,3,1,0,7,0,1000000.0,0.0,111.25423178694611,True
2021,4,33.85,-99.09,-1,0,0,0,0,0.0,0.0,57.90100940171265,True
2021,3,34.1997,-86.7521,1,0,0,0,0,0.0,0.0,101.7399683758223,True
2021,3,36.0713,-79.5369,1,0,0,0,0,500000.0,0.0,104.58125184510989,True
2021,3,35.5192,-90.2531,0,0,0,0,0,10000.0,0.0,39.5008204753281,True
2021,3,33.9764,-88.4225,1,0,0,0,0,200000.0,0.0,12.338008213977085,True
2021,3,34.583,-99.7,-1,0,0,0,0,0.0,0.0,70.7073166414444,True
2021,3,34.767,-99.668,1,0,0,0,0,15000.0,0.0,77.67584390455853,True
2021,9,42.67,-77.64,1,0,0,0,0,10000.0,0.0,94.69247554095399,True
2021,3,34.1904,-86.74,1,0,0,0,0,0.0,0.0,101.91252323027862,True
2021,3,31.36,-84.88,0,0,0,0,0,0.0,0.0,56.10841745941118,True
2021,3,30.6092,-92.0619,1,0,0,0,0,25000.0,0.0,106.2708742880232,True
2021,3,30.36,-84.9,0,0,0,0,0,0.0,0.0,54.94375878393611,True
2021,3,31.2125,-85.5527,1,0,0,1,0,200000.0,0.0,28.970923240335495,True
2021,3,31.3136,-85.3709,0,0,0,0,0,2000.0,0.0,18.372237057691386,True
2021,3,31.3047,-85.3825,0,0,0,0,0,2000.0,0.0,18.803757243125485,True
2021,3,30.47,-85.81,0,0,0,0,0,0.0,0.0,15.03544228138569,True
2021,3,30.3373,-85.8082,0,0,0,0,0,100000.0,0.0,27.55921402456463,True
2021,3,30.2631,-85.5294,1,0,0,0,0,50000.0,0.0,50.41865663446143,True
2021,3,32.7476,-92.2598,1,0,0,0,0,30000.0,0.0,151.7740726004881,True
2021,3,34.6992,-89.8239,1,0,0,0,0,200000.0,0.0,71.91953785865732,True
2021,3,39.54,-91.05,-1,0,0,0,0,0.0,0.0,98.74782447847949,True
2021,3,34.0296,-88.8041,0,0,0,0,0,25000.0,0.0,46.21675287383253,True
2021,3,34.089,-88.621,0,0,0,0,0,25000.0,0.0,34.35079204341128,True
2021,3,38.7508,-94.3943,0,0,0,0,0,0.0,0.0,13.052015455525417,True
2021,1,36.894,-95.6926,-1,0,0,0,0,0.0,0.0,80.76996987353166,True
2021,5,39.753,-94.2773,0,0,0,0,0,5000.0,0.0,104.83595373474569,True
2021,1,30.4182,-84.5522,1,0,0,0,0,5000.0,0.0,21.53875990344772,True
2021,1,30.4074,-84.4323,1,0,0,0,0,200000.0,0.0,9.978540085868868,True
2021,1,30.2401,-91.8108,1,0,0,0,0,50000.0,0.0,135.6571179241485,True
2021,1,35.1176,-89.6047,0,0,0,0,0,10000.0,0.0,35.11556363015332,True
2021,1,36.867,-95.803,-1,0,0,0,0,0.0,0.0,79.85369639838338,True
2021,1,36.8768,-95.774,-1,0,0,0,0,0.0,0.0,80.25923249931718,True
2021,1,36.8848,-95.7617,-1,0,0,0,0,0.0,0.0,80.87724992677416,True
2021,7,42.161,-92.2993,1,0,0,0,0,0.0,0.0,127.06560274285799,True
2021,3,38.8016,-95.1797,-1,0,0,0,0,0.0,0.0,79.31215775105507,True
2021,1,33.5965,-86.8256,3,1,0,30,0,0.0,0.0,47.49316185977677,True
2021,2,30.5994,-85.4557,0,0,0,0,0,25000.0,0.0,44.76867629877017,True
2021,2,30.2211,-85.8898,0,0,0,0,0,5000.0,0.0,38.36516331475249,True
2021,5,30.98,-95.63,0,0,0,0,0,0.0,0.0,169.76792098473132,True
2021,7,42.304,-91.3491,-1,0,0,0,0,0.0,0.0,99.81060432387034,True
2021,12,43.7464,-91.7757,1,0,0,0,0,95000.0,0.0,47.69181847701837,True
2021,5,29.4936,-96.8138,1,0,0,0,0,20000.0,0.0,119.76023333692285,True
2021,5,29.7593,-96.9186,1,0,0,0,0,100000.0,0.0,107.35372081811609,True
2021,2,27.8165,-82.8038,0,0,0,0,0,20000.0,0.0,41.43070666298232,True
2021,6,43.86,-84.73,0,0,0,0,0,100000.0,0.0,116.3506742525245,True
2021,6,43.53,-85.27,1,0,0,0,0,100000.0,0.0,74.15818842557518,True
2021,5,44.1989,-93.3035,0,0,0,0,0,0.0,0.0,75.20018606576298,True
2021,5,44.2135,-93.3378,0,0,0,0,0,0.0,0.0,72.92040503446479,True
2021,5,44.5432,-93.825,0,0,0,0,0,0.0,0.0,39.69861897117145,True
2021,5,32.5482,-94.6067,-1,0,0,0,0,0.0,0.0,72.59760465761717,True
2021,5,32.955,-88.0286,0,0,0,0,0,0.0,0.0,108.38670148912203,True
2021,5,40.15,-103.47,0,0,0,0,0,0.0,0.0,100.18724424507876,True
2021,5,40.21,-103.3,0,0,0,0,0,0.0,0.0,116.09201510181775,True
2021,8,42.0006,-88.9419,0,0,0,0,0,0.0,0.0,83.61818509336133,True
2021,5,35.8373,-86.7593,0,0,0,0,0,5000.0,0.0,48.8949538046956,True
2021,5,36.1309,-85.5318,0,0,0,0,0,50000.0,0.0,93.3969863258139,True
2021,5,36.3346,-85.3294,0,0,0,2,0,10000.0,0.0,110.94281101793878,True
2021,5,32.0644,-88.7294,1,0,0,0,0,50000.0,0.0,120.53293367111641,True
2021,5,31.8958,-89.9642,0,0,0,0,0,15000.0,0.0,42.762511002104205,True
2021,12,43.7763,-92.37,0,0,0,0,0,265000.0,0.0,94.75481074994528,True
2021,12,43.6699,-92.0805,0,0,0,0,0,275000.0,0.0,73.43776814812297,True
2021,3,32.689,-88.5223,0,0,0,0,0,5000.0,0.0,135.50731336844737,True
2021,3,33.0135,-88.3517,0,0,0,0,0,0.0,0.0,98.25290421920924,True
2021,4,32.8041,-91.9498,1,0,0,1,0,250000.0,0.0,181.42960021507957,True
2021,4,32.9184,-91.5672,1,0,0,0,0,150000.0,0.0,164.38359873538505,True
2021,5,44.4055,-93.3002,0,0,0,0,0,0.0,0.0,53.58631935807239,True
2021,5,44.4328,-93.3115,1,0,0,0,0,0.0,0.0,50.442500865739326,True
2021,5,44.7089,-96.2051,0,0,0,0,0,0.0,0.0,131.48135313445314,True
2021,5,33.1927,-87.7959,-1,0,0,0,0,0.0,0.0,92.59683440001162,True
2021,5,40.68,-102.91,0,0,0,0,0,0.0,0.0,167.73873091441632,True
2021,5,40.03,-103.39,0,0,0,0,0,0.0,0.0,102.22931336434567,True
2021,5,36.5559,-102.838,-1,0,0,0,0,0.0,0.0,178.78464953715365,True
2021,5,36.5265,-102.7005,-1,0,0,0,0,0.0,0.0,169.26660867194303,True
2021,5,36.4226,-86.3137,0,0,0,0,0,10000.0,0.0,29.613839574781707,True
2021,5,31.6031,-89.8684,0,0,0,0,0,75000.0,0.0,76.0589720764864,True
2021,5,32.6258,-90.7173,0,0,0,0,0,5000.0,0.0,78.7848121842966,True
2021,4,33.0679,-91.3749,0,0,0,0,0,30000.0,0.0,156.88486459457596,True
2021,5,44.5394,-93.8252,0,0,0,0,0,0.0,0.0,40.069433740808115,True
2021,5,39.2853,-103.2644,0,0,0,0,0,0.0,0.0,123.2173384225757,True
2021,5,35.5306,-102.582,-1,0,0,0,0,0.0,0.0,85.74711018475871,True
2021,5,36.567,-102.8362,-1,0,0,0,0,0.0,0.0,179.7055874142547,True
2021,8,41.9444,-88.5059,-1,0,0,0,0,0.0,0.0,51.48273737221119,True
2021,5,32.6276,-90.6961,1,0,0,0,0,500000.0,0.0,77.15425977560592,True
2021,3,35.95,-86.61,1,0,0,0,0,50000.0,0.0,33.32375959082129,True
2021,4,41.9559,-91.7399,0,0,0,1,0,0.0,0.0,103.4446288717985,True
2021,5,44.6251,-93.2647,0,0,0,0,0,0.0,0.0,34.40561042803857,True
2021,5,44.1849,-93.314,0,0,0,0,0,0.0,0.0,76.47693782657215,True
2021,5,44.1965,-93.3154,0,0,0,0,0,0.0,0.0,75.2025886101708,True
2021,5,41.3053,-78.5175,1,0,0,0,0,0.0,0.0,60.480873941032655,True
2021,5,36.5748,-102.836,-1,0,0,0,0,0.0,0.0,180.40900079364624,True
2021,5,36.5545,-102.7809,-1,0,0,0,0,0.0,0.0,175.78118426576697,True
2021,8,42.0472,-88.5905,1,0,0,0,0,0.0,0.0,64.66926004423613,True
2021,8,41.7068,-89.005,-1,0,0,0,0,0.0,0.0,77.32171181798165,True
2021,5,33.2512,-90.0426,2,0,0,0,0,65000.0,0.0,108.13045190246788,True
2021,5,33.2877,-90.0141,1,0,0,0,0,10000.0,0.0,112.08653779416134,True
2021,3,36.05,-86.4,0,0,0,0,0,50000.0,0.0,26.340198668747355,True
2021,3,35.3338,-87.7127,2,0,0,1,0,300000.0,0.0,145.18337841200338,True
2021,3,33.9369,-90.7536,2,0,0,0,0,250000.0,0.0,170.76162057037732,True
2021,4,32.2509,-89.8439,0,0,0,0,0,15000.0,0.0,13.604363273162125,True
2021,4,32.9729,-91.4225,0,0,0,0,0,300000.0,0.0,155.15261158324898,True
2021,6,31.43,-84.98,1,0,0,0,0,3000.0,0.0,45.60290637739415,True
2021,6,31.499,-84.947,1,0,0,0,0,0.0,0.0,48.77656850249878,True
2021,5,39.8849,-90.3244,-1,0,0,0,0,0.0,0.0,89.13679690326235,True
2021,5,39.9074,-90.2119,-1,0,0,0,0,0.0,0.0,79.26148504650277,True
2021,5,34.0926,-101.9235,-1,0,0,0,0,0.0,0.0,49.78965581369987,True
2021,5,37.956,-76.575,2,0,0,0,0,500000.0,0.0,114.63539263974654,True
2021,5,39.54,-103.68,0,0,0,0,0,0.0,0.0,79.02222143370594,True
2021,5,34.128,-82.895,1,0,0,0,0,50000.0,0.0,104.3120563768216,True
2021,5,35.077,-81.386,1,0,0,0,0,350000.0,0.0,78.96225962574076,True
2021,8,41.9507,-88.5961,0,0,0,0,0,0.0,0.0,57.29344180407196,True
2021,5,32.8268,-89.9414,1,0,0,0,0,8000.0,0.0,60.936163788508296,True
2021,5,32.289,-90.981,1,0,0,0,0,200000.0,0.0,93.68654626453937,True
2021,3,35.3989,-87.5754,0,0,0,0,0,20000.0,0.0,131.29118017428326,True
2021,3,35.4444,-87.4486,0,0,0,0,0,10000.0,0.0,119.78151198594884,True
2021,3,31.4387,-89.4472,0,0,0,0,0,5000.0,0.0,106.42072985688617,True
2021,3,31.5903,-90.3218,1,0,0,0,0,20000.0,0.0,83.03496276143116,True
2021,6,31.619,-84.913,1,0,0,0,0,0.0,0.0,54.69520478264693,True
2021,7,39.8658,-90.4488,1,0,0,0,0,0.0,0.0,99.85948735925548,True
2021,7,40.0071,-90.1816,1,0,0,0,0,0.0,0.0,73.62487266535409,True
2021,7,39.9734,-90.0451,-1,0,0,0,0,0.0,0.0,63.413848771182934,True
2021,5,32.9656,-99.8055,0,0,0,0,0,100000.0,0.0,70.11135075636938,True
2021,5,34.174,-82.696,2,0,0,1,0,75000.0,0.0,90.1291168212831,True
2021,5,34.226,-82.251,1,0,0,0,0,40000.0,0.0,73.14414454395758,True
2021,5,38.0803,-76.5512,0,0,0,0,0,0.0,0.0,127.39510273574977,True
2021,5,36.5732,-86.7618,0,0,0,0,0,10000.0,0.0,40.397452911985674,True
2021,5,32.0521,-90.0492,1,0,0,0,0,35000.0,0.0,26.06307228155097,True
2021,5,32.4641,-90.5194,1,0,0,0,0,75000.0,0.0,54.25108283117826,True
2021,3,35.4578,-87.4116,0,0,0,0,0,20000.0,0.0,116.45283057753842,True
2021,3,31.1532,-89.613,0,0,0,0,0,75000.0,0.0,103.51862422035875,True
2021,7,30.0568,-82.7061,0,0,0,0,0,0.0,0.0,96.91324838695725,True
2021,5,40.14,-103.7,0,0,0,0,0,0.0,0.0,82.09732583467911,True
2021,5,40.19,-103.56,0,0,0,0,0,0.0,0.0,95.21078179612631,True
2021,5,40.22,-103.41,0,0,0,0,0,0.0,0.0,108.07907113939301,True
2021,5,39.73,-104.42,0,0,0,0,0,0.0,0.0,12.4615294786798,True
2021,5,46.852,-99.5657,-1,0,0,0,0,0.0,0.0,91.35522731457357,True
2021,5,32.7381,-87.2159,0,0,0,0,0,0.0,0.0,63.71986574290956,True
2021,5,32.772,-87.018,0,0,0,0,0,0.0,0.0,50.14100099875994,True
2021,5,35.52,-106.32,0,0,0,0,0,0.0,0.0,61.51745784742713,True
2021,5,36.3534,-86.9124,0,0,0,0,0,5000.0,0.0,33.50534022333492,True
2021,5,36.3537,-86.92,0,0,0,0,0,10000.0,0.0,34.155059899933576,True
2021,5,36.5621,-86.8271,0,0,0,0,0,10000.0,0.0,42.268986198414446,True
2021,5,36.3542,-86.5601,0,0,0,0,0,25000.0,0.0,11.897577376319678,True
2021,5,32.5982,-89.6168,1,0,0,0,0,100000.0,0.0,49.4194915997067,True
2021,4,33.0658,-89.5903,1,0,0,0,0,150000.0,0.0,94.84654784405498,True
2021,7,30.2271,-81.6066,1,0,0,0,0,0.0,0.0,30.06054006875918,True
2021,5,40.52,-102.96,0,0,0,0,0,0.0,0.0,157.52135586786702,True
2021,5,38.68,-103.73,0,0,0,0,0,0.0,0.0,141.6977406321194,True
2021,5,38.73,-103.72,0,0,0,0,0,0.0,0.0,137.32839941585968,True
2021,5,38.81,-103.75,0,0,0,0,0,0.0,0.0,128.3822894226895,True
2021,5,39.0,-103.7,0,0,0,0,0,0.0,0.0,113.72417262280884,True
2021,5,32.4707,-86.4421,0,0,0,0,0,0.0,0.0,61.61317259384926,True
2021,5,32.442,-86.326,0,0,0,0,0,0.0,0.0,51.385016973290035,True
2021,5,32.3667,-85.9491,0,0,0,0,0,0.0,0.0,24.096440234482763,True
2021,5,43.3922,-92.4154,0,0,0,0,0,0.0,0.0,109.58387880216279,True
2021,5,35.972,-98.063,0,0,0,0,0,0.0,0.0,85.68482803849778,True
2021,5,37.7,-101.64,0,0,0,0,0,0.0,0.0,147.11847081173948,True
2021,5,33.0062,-90.2497,1,0,0,0,0,40000.0,0.0,84.483981367342,True
2021,5,36.3567,-86.4174,0,0,0,0,0,15000.0,0.0,17.8120870916045,True
2021,5,36.3945,-86.1153,0,0,0,0,0,15000.0,0.0,43.28292678718243,True
2021,5,35.9738,-85.4938,0,0,0,0,0,15000.0,0.0,100.70221603162143,True
2021,5,32.728,-90.3697,0,0,0,0,0,25000.0,0.0,61.537980949653,True
2021,5,32.4586,-88.9638,1,0,0,0,0,15000.0,0.0,97.89076146196972,True
2021,4,31.5705,-90.5493,1,0,0,0,0,80000.0,0.0,95.21372691699437,True
2021,12,43.6878,-92.0736,1,0,0,0,0,230000.0,0.0,72.45006417136341,True
2021,7,39.2687,-88.1056,0,0,0,0,0,0.0,0.0,116.9015603297058,True
2021,7,38.9471,-87.6053,1,0,0,0,0,0.0,0.0,77.07474167971013,True
2021,5,38.93,-105.51,0,0,0,0,0,0.0,0.0,126.27214366811019,True
2021,5,32.469,-86.412,1,0,0,0,0,0.0,0.0,58.83592760081829,True
2021,5,33.4181,-89.424,0,0,0,0,0,5000.0,0.0,114.46462290192893,True
2021,5,32.4726,-91.1626,-1,0,0,0,0,0.0,0.0,112.6937613809397,True
2021,5,36.0021,-85.8028,0,0,0,0,0,25000.0,0.0,73.47545240568442,True
2021,5,36.0571,-86.0347,0,0,0,0,0,15000.0,0.0,51.88989921681314,True
2021,5,32.4099,-88.5223,1,0,0,0,0,55000.0,0.0,138.11300207714183,True
2021,5,32.483,-88.915,0,0,0,0,0,10000.0,0.0,102.93022018175104,True
2021,5,32.401,-90.244,1,0,0,0,0,10000.0,0.0,27.850945367225073,True
2021,5,32.6373,-93.3032,1,0,0,0,0,1000000.0,0.0,54.52896993653069,True
2021,12,44.023,-91.552,1,0,0,0,0,25000.0,0.0,36.48550855840618,True
2021,5,36.4684,-86.6593,0,0,0,0,0,5000.0,0.0,26.076978810718035,True
2021,5,31.851,-90.961,1,0,0,0,0,15000.0,0.0,103.65047595478602,True
2021,5,32.4,-90.221,1,0,0,0,0,700000.0,0.0,25.922757305909464,True
2021,5,32.362,-90.103,0,0,0,0,0,70000.0,0.0,14.397006288731047,True
2021,3,31.7748,-89.9611,0,0,0,0,0,5000.0,0.0,56.21763854137223,True
2021,4,31.2976,-90.0131,1,0,0,0,0,90000.0,0.0,94.33434643668646,True
2021,5,38.64,-98.57,-1,0,0,0,0,0.0,0.0,147.3794610602752,True
2021,5,41.76,-107.25,-1,0,0,0,0,0.0,0.0,176.75427127366189,True
2021,5,29.9832,-97.4385,0,0,0,0,0,5000.0,0.0,64.82849000533285,True
2021,5,35.41,-94.425,1,0,0,0,0,1000000.0,0.0,14.477658968852849,True
2021,5,35.46,-94.443,1,0,0,0,0,10000.0,0.0,20.241057154700904,True
2021,5,35.435,-94.37,1,0,0,1,0,15000000.0,0.0,16.094526526051403,True
2021,5,31.8345,-91.0644,1,0,0,0,0,15000.0,0.0,113.18929296732016,True
2021,5,32.9455,-90.1525,0,0,0,0,0,5000.0,0.0,75.65693072285467,True
2021,12,44.506,-90.802,2,0,0,0,0,50000.0,0.0,82.0665776872,True
2021,5,36.5314,-86.0504,0,0,0,0,0,10000.0,0.0,55.67536621048827,True
2021,5,38.65,-98.52,-1,0,0,0,0,0.0,0.0,145.33360486478193,True
2021,5,38.4779,-98.1872,0,0,0,0,0,25000.0,0.0,112.37345754700158,True
2021,5,45.3,-102.19,-1,0,0,0,0,0.0,0.0,140.12884965817403,True
2021,5,45.38,-102.22,-1,0,0,0,0,0.0,0.0,147.65809532900238,True
2021,5,30.5992,-102.7347,-1,0,0,0,0,0.0,0.0,158.20853046790072,True
2021,5,35.363,-94.547,1,0,0,0,0,30000.0,0.0,18.633169965448996,True
2021,5,35.409,-94.578,1,0,0,0,0,100000.0,0.0,23.623756975141575,True
2021,5,32.8981,-90.2052,0,0,0,0,0,10000.0,0.0,71.77511100238516,True
2021,5,33.0708,-89.9014,1,0,0,0,0,100000.0,0.0,88.2768711981321,True
2021,5,42.5548,-94.4549,-1,0,0,0,0,0.0,0.0,109.68854787701144,True
2021,5,39.4865,-89.0643,0,0,0,0,0,25000.0,0.0,77.41314156984988,True
2021,5,38.7438,-88.3368,0,0,0,0,0,45000.0,0.0,75.69603006597137,True
2021,5,32.1172,-90.3617,1,0,0,0,0,200000.0,0.0,39.846645103357,True
2021,5,33.1676,-89.7316,1,0,0,0,0,20000.0,0.0,101.49212183174777,True
2021,5,32.3547,-91.917,0,0,0,0,0,75000.0,0.0,166.76111749457712,True
2021,5,32.3222,-91.115,1,0,0,0,0,55000.0,0.0,106.36183624946894,True
2021,3,31.7611,-90.3494,1,0,0,0,0,12000.0,0.0,67.17819962981807,True
2021,5,41.429,-94.017,-1,0,0,0,0,0.0,0.0,41.55752022385496,True
2021,5,41.8136,-93.9174,0,0,0,0,0,0.0,0.0,18.559483787982124,True
2021,5,30.0262,-103.3332,-1,0,0,0,0,0.0,0.0,239.4567809974804,False
2021,5,37.6,-93.44,1,0,0,0,0,300000.0,0.0,40.7076198576307,True
2021,5,37.59,-93.29,1,0,0,0,0,75000.0,0.0,40.62869899723533,True
2021,5,30.3007,-95.0109,1,0,0,0,0,300000.0,0.0,92.38665184471972,True
2021,5,30.7166,-95.5727,0,0,0,0,0,30000.0,0.0,146.3263409717721,True
2021,5,36.33,-102.2499,-1,0,0,0,0,0.0,0.0,131.33376738203364,True
2021,5,35.2441,-80.2856,0,0,0,0,0,50000.0,0.0,162.98568616527018,True
2021,5,32.8777,-89.7076,0,0,0,0,0,10000.0,0.0,71.34482400353163,True
2021,4,33.005,-91.302,1,0,0,0,0,200000.0,0.0,147.36902354406158,True
2021,5,39.0294,-88.7493,-1,0,0,0,0,0.0,0.0,123.43089669292121,True
2021,5,38.9375,-88.6597,-1,0,0,0,0,0.0,0.0,110.79585056131974,True
2021,5,40.976,-80.21,0,0,0,0,0,0.0,0.0,49.412880005971985,True
2021,5,30.605,-102.87,-1,0,0,0,0,0.0,0.0,162.2828877239049,True
2021,5,36.27,-102.4,-1,0,0,0,0,0.0,0.0,131.04484105269555,True
2021,3,33.8493,-91.028,0,0,0,0,0,50000.0,0.0,157.73533800794445,True
2021,6,42.951,-85.392,0,0,0,0,0,50000.0,0.0,13.975029205079458,True
2021,6,42.768,-85.289,0,0,0,0,0,75000.0,0.0,25.125945487287673,True
2021,6,42.806,-85.158,1,0,0,0,0,250000.0,0.0,33.018000474508135,True
2021,5,38.6613,-88.2225,-1,0,0,0,0,0.0,0.0,62.19928062191775,True
2021,5,31.339,-94.8799,1,0,0,0,0,30000.0,0.0,157.79308146442813,True
2021,5,35.265,-95.869,1,0,0,0,0,25000.0,0.0,104.86238891949914,True
2021,5,35.5524,-86.1322,0,0,0,0,0,15000.0,0.0,69.28722339857615,True
2021,5,35.9,-79.35,1,0,0,0,0,100000.0,0.0,81.84981394853,True
2021,3,32.2378,-93.8364,1,0,0,0,0,100000.0,0.0,23.692218585559047,True
2021,3,31.8229,-94.9451,1,0,0,0,0,0.0,0.0,125.21075880474935,True
2021,6,46.6831,-98.8534,-1,0,0,0,0,0.0,0.0,140.6302324400074,True
2021,3,31.9009,-94.7138,1,0,0,0,0,160000.0,0.0,102.38795462877165,True
2021,3,31.973,-94.563,2,0,0,1,0,100000.0,0.0,86.21954864015655,True
2021,3,32.0982,-94.3089,2,1,0,3,0,1500000.0,0.0,58.91156092485813,True
2021,3,35.341,-90.61,0,0,0,0,0,0.0,0.0,66.81876635737014,True
2021,3,36.17,-79.249,1,0,0,0,0,150000.0,0.0,88.43886447947992,True
2021,3,36.0629,-79.5485,1,0,0,0,0,500000.0,0.0,105.13340757560024,True
2021,3,31.6884,-95.2293,2,0,0,0,0,75000.0,0.0,155.8631273023228,True
2021,6,47.64,-103.87,-1,0,0,0,0,0.0,0.0,214.6931150238664,True
2021,3,35.6676,-89.9387,1,0,0,0,0,25000.0,0.0,36.38696171448124,True
2021,3,32.7643,-92.4998,1,0,0,0,0,150000.0,0.0,130.3946375224696,True
2021,3,35.5376,-90.1708,0,0,0,0,0,35000.0,0.0,34.44120026290876,True
2021,3,38.7323,-89.7697,1,0,0,0,0,0.0,0.0,79.30563202800435,True
2021,6,41.4284,-92.9735,1,0,0,0,0,10000.0,0.0,70.83614710404528,True
2021,6,34.3928,-78.8632,0,0,0,0,0,200000.0,0.0,60.06814809968501,True
2021,3,35.0114,-101.6449,0,0,0,0,0,0.0,0.0,25.362420184768464,True
2021,3,35.5998,-90.0819,1,0,0,0,0,75000.0,0.0,34.076782611332355,True
2021,3,35.6639,-89.9481,0,0,0,0,0,15000.0,0.0,36.13078565979006,True
2021,6,34.2243,-79.2201,1,0,0,0,0,150000.0,0.0,77.37228206194023,True
2021,3,35.029,-101.625,0,0,0,0,0,30000.0,0.0,23.978066302088987,True
2021,3,31.69,-98.01,-1,0,0,0,0,0.0,0.0,118.5979848424423,True
2021,3,40.6762,-91.3471,0,0,0,0,0,0.0,0.0,122.215402689825,True
2021,3,34.7484,-101.7091,0,0,0,0,0,0.0,0.0,53.921758001534215,True
2021,3,33.9621,-100.3,-1,0,0,0,0,0.0,0.0,129.63004303676306,True
2021,3,39.76,-101.71,-1,0,0,0,0,0.0,0.0,43.714235705556085,True
2021,3,40.1675,-101.0498,-1,0,0,0,0,0.0,0.0,104.95212036160983,True
2021,3,34.7482,-101.9373,2,0,0,0,0,600000.0,0.0,57.80526088915097,True
2021,3,34.8861,-100.9292,2,0,0,0,0,250000.0,0.0,80.81990632668754,True
2021,6,47.49,-103.94,-1,0,0,0,0,0.0,0.0,215.5774473213805,True
2021,6,48.16,-103.54,-1,0,0,0,0,0.0,0.0,228.73892238592722,True
2021,3,34.8012,-101.9115,1,0,0,0,0,0.0,0.0,51.458953547433865,True
2021,6,40.7871,-90.3382,1,0,0,0,0,150000.0,100000.0,93.90709359643907,True
2021,3,34.8163,-101.8576,1,0,0,0,0,30000.0,0.0,48.29859168097228,True
2021,6,35.08,-109.18,0,0,0,0,0,0.0,0.0,192.62211406005994,True
2021,6,35.49,-110.51,0,0,0,0,0,0.0,0.0,119.56424062056786,True
2021,6,35.27,-111.52,0,0,0,0,0,0.0,0.0,82.72438032670796,True
2021,3,32.317,-93.671,1,0,0,0,0,10000.0,0.0,21.840259827314878,True
2021,3,36.6,-93.82,1,0,0,0,0,50000.0,0.0,79.88832241241383,True
2021,3,36.8201,-93.583,1,0,0,0,0,10000.0,0.0,48.931742333363744,True
2021,3,34.9348,-100.9031,0,0,0,0,0,30000.0,0.0,80.51580204559032,True
2021,3,35.1251,-101.236,-1,0,0,0,0,0.0,0.0,44.6652313968446,True
2021,3,32.1957,-93.9538,1,0,0,0,0,0.0,0.0,30.27663746129796,True
2021,3,40.2375,-89.7394,0,0,0,0,0,25000.0,0.0,35.5390626306032,True
2021,3,34.9765,-101.7275,1,0,0,0,0,300000.0,0.0,28.60630222853124,True
2021,3,31.81,-97.75,-1,0,0,0,0,0.0,0.0,94.66789717951077,True
2021,3,32.1792,-93.9851,1,0,0,0,0,0.0,0.0,33.091337414657794,True
2021,3,35.0221,-101.6249,1,0,0,0,0,20000.0,0.0,24.70921058112894,True
2021,9,38.67,-75.86,0,0,0,0,0,30000.0,5000.0,40.321323135579135,True
2021,12,44.0059,-91.4558,0,0,0,0,0,520000.0,0.0,29.397721836781358,True
2021,3,36.7597,-76.8566,0,0,0,0,0,100000.0,0.0,28.311987429852365,True
2021,9,29.43,-82.12,0,0,0,0,0,0.0,0.0,123.99382799486959,True
2021,6,45.4455,-91.2143,0,0,0,0,0,20000.0,0.0,172.6814554484828,True
2021,12,44.5039,-90.804,2,0,0,0,0,10000.0,0.0,81.79031181986463,True
2021,8,42.0024,-89.0029,0,0,0,0,0,0.0,0.0,88.05567579052536,True
2021,5,35.09,-92.77,0,0,0,0,0,25000.0,0.0,54.2104952517497,True
2021,7,37.82,-90.4,0,0,0,0,0,20000.0,0.0,100.79725868836252,True
2021,7,39.6187,-81.4614,0,0,0,0,0,500.0,0.0,146.6241662957293,True
2021,6,44.9548,-90.9336,0,0,0,0,0,0.0,0.0,127.52793059646376,True
2021,12,44.4995,-91.1829,1,0,0,0,0,65000.0,0.0,75.25178548190635,True
2021,8,42.0538,-88.9383,0,0,0,0,0,0.0,0.0,86.61213452307285,True
2021,8,42.3622,-88.2786,1,0,0,0,0,0.0,0.0,70.9126191164473,True
2021,7,36.31,-76.82,0,0,0,0,0,5000.0,0.0,76.77643205229181,True
2021,7,36.28,-76.12,0,0,0,0,0,20000.0,0.0,111.342886676097,True
2021,12,44.518,-91.166,1,0,0,0,0,45000.0,0.0,77.33196360492644,True
2021,7,40.0099,-79.2367,1,0,0,0,0,0.0,0.0,101.47069558235792,True
2021,7,27.97,-97.51,0,0,0,0,0,0.0,0.0,20.695760542976956,True
2021,8,41.9623,-88.6706,1,0,0,0,0,0.0,0.0,62.81295497110461,True
2021,7,36.8101,-89.9985,2,0,0,0,0,2000000.0,0.0,112.72801105930913,True
2021,5,32.05,-101.18,2,0,0,0,0,0.0,0.0,95.90746245857758,True
2021,7,40.27,-90.5988,0,0,0,0,0,0.0,0.0,107.98644630984603,True
2021,7,39.9355,-90.2493,0,0,0,0,0,0.0,0.0,81.27373031534088,True
2021,12,44.511,-90.7491,2,0,0,0,0,200000.0,0.0,84.25743530882718,True
2021,7,32.3763,-80.6915,1,0,0,0,0,1000000.0,0.0,45.223902181388254,True
2021,12,44.5975,-90.5799,2,0,0,0,0,200000.0,0.0,98.96513430566222,True
2021,8,42.0628,-88.8742,1,0,0,0,0,0.0,0.0,82.93864125200457,True
2021,12,35.4747,-91.2306,-1,0,0,0,0,0.0,0.0,117.59565441127873,True
2021,12,35.4077,-91.125,1,0,0,0,0,50000.0,0.0,113.69753275387505,True
2021,7,30.7205,-81.5469,1,0,0,17,0,0.0,0.0,30.132230200787323,True
2021,7,40.3391,-88.3892,0,0,0,0,0,12000.0,0.0,83.11487605971587,True
2021,12,35.6324,-91.2636,1,0,0,0,0,100000.0,0.0,126.71161389511532,True
2021,7,39.484,-85.7357,1,0,0,0,0,43000.0,5000.0,52.86509087957876,True
2021,7,41.9758,-72.4474,0,0,0,0,0,45000.0,0.0,108.37511657476949,True
2021,7,42.79,-102.31,-1,0,0,0,0,0.0,0.0,154.23252764259175,True
2021,7,42.6699,-83.4966,1,0,0,0,0,8500000.0,0.0,3.917968328667335,True
2021,6,39.93,-103.95,0,0,0,0,0,0.0,0.0,53.29559871574565,True
2021,7,39.4265,-85.6784,1,0,0,0,0,15000.0,500.0,60.314527621936264,True
2021,7,40.372,-80.743,1,0,0,0,0,250000.0,0.0,47.84315520448868,True
2021,7,42.8355,-82.9075,1,0,0,0,0,4500000.0,0.0,48.454439417106485,True
2021,8,44.6749,-88.245,0,0,0,0,0,0.0,0.0,22.28578290341671,True
2021,6,39.97,-104.0,0,0,0,0,0,0.0,0.0,50.8417311711183,True
2021,7,44.7756,-89.4464,0,0,0,0,0,0.0,0.0,110.04908629146311,True
2021,7,44.0993,-88.9387,0,0,0,0,0,0.0,0.0,79.43150912009146,True
2021,7,40.627,-80.995,2,0,0,0,0,500000.0,10000.0,66.47575560979071,True
2021,6,40.6731,-80.0643,0,0,0,0,0,0.0,0.0,20.38616933387819,True
2021,7,47.78,-94.86,0,0,0,0,0,100000.0,100000.0,186.7366055926226,True
2021,8,44.6594,-88.3125,0,0,0,0,0,0.0,0.0,23.959642786571866,True
2021,7,40.37,-102.94,0,0,0,0,0,0.0,0.0,151.2393203186442,True
2021,7,40.06,-103.69,0,0,0,0,0,0.0,0.0,79.05612664648345,True
2021,8,41.9526,-88.6043,0,0,0,0,0,0.0,0.0,57.93925108717308,True
2021,8,43.983,-89.5544,1,0,0,0,0,0.0,0.0,128.47537886821917,True
2021,7,45.14,-89.6,1,0,0,0,0,0.0,0.0,137.3918311390832,True
2021,7,40.542,-80.908,1,0,0,0,0,250000.0,0.0,58.32597964398526,True
2021,7,43.022,-83.847,1,0,0,0,0,1000000.0,0.0,47.09524639207189,True
2021,8,29.5231,-94.5721,0,0,0,0,0,0.0,0.0,49.375693879749726,True
2021,6,39.91,-104.02,0,0,0,0,0,0.0,0.0,46.93646343250822,True
2021,8,44.5383,-88.5296,1,0,0,0,0,0.0,0.0,33.472688227606774,True
2021,7,40.4295,-76.3523,0,0,0,0,0,0.0,0.0,149.69881999079024,True
2021,7,44.039,-82.969,0,0,0,0,0,100000.0,0.0,154.33459282514198,True
2021,7,45.0818,-92.4822,1,0,0,0,0,175000.0,0.0,89.0768394268465,True
2021,7,39.8181,-111.8627,-1,0,0,0,0,0.0,0.0,168.0745927716729,True
2021,7,39.3491,-110.9613,-1,0,0,0,0,0.0,0.0,238.86682261952,True
2021,7,41.499,-79.795,0,0,0,0,0,15000.0,0.0,113.26489085234927,True
2021,7,40.4803,-78.8383,0,0,0,0,0,0.0,0.0,85.85618645277555,True
2021,7,41.2392,-111.9817,-1,0,0,0,0,0.0,0.0,39.05122381516377,True
2021,7,40.617,-79.096,0,0,0,0,0,50000.0,1000.0,95.23181958838173,True
2021,7,36.66,-76.72,0,0,0,0,0,5000.0,0.0,44.18011589022947,True
2021,7,36.77,-76.61,0,0,0,0,0,10000.0,0.0,42.61095617433683,True
2021,7,36.98,-76.61,0,0,0,0,0,10000.0,0.0,35.31066921002232,True
2021,7,39.962,-80.516,1,0,0,0,0,100000.0,0.0,68.20766489836822,True
2021,7,40.19,-81.01,2,0,0,0,0,200000.0,0.0,77.11670858969715,True
2021,7,40.1061,-79.454,1,0,0,0,0,250000.0,5000.0,80.21198266769245,True
2021,7,43.0951,-92.9656,1,0,0,0,0,60000.0,10000.0,163.91395819271185,True
2021,7,37.2,-97.4,0,0,0,0,0,0.0,0.0,50.67420796406229,True
2021,7,40.094,-79.397,1,0,0,0,0,25000.0,0.0,84.9310861496309,True
2021,7,42.64,-91.9494,0,0,0,0,0,275000.0,5000.0,145.15734899016246,True
2021,7,45.1197,-89.5972,1,0,0,0,0,0.0,0.0,136.06137992106062,True
2021,7,42.6869,-92.5544,2,0,0,0,0,1000000.0,2000.0,143.37333056388027,True
2021,8,42.9635,-92.8968,1,0,0,0,0,280000.0,40000.0,152.92770884504927,True
2021,8,40.7737,-84.3971,0,0,0,0,0,0.0,0.0,127.12368059227323,True
2021,7,43.0161,-93.1662,0,0,0,0,0,10000.0,2000.0,150.02305888261355,True
2021,7,42.7088,-92.1195,0,0,0,0,0,1000.0,1000.0,144.89120243201484,True
2021,12,44.7667,-90.6642,1,0,0,0,0,160000.0,0.0,113.02677060196099,True
2021,6,40.1572,-93.6045,0,0,0,0,0,0.0,0.0,160.12502006160736,True
2021,7,42.2768,-93.9128,0,0,0,0,0,2000.0,3000.0,62.67604777080438,True
2021,7,42.295,-94.3519,-1,0,0,0,0,0.0,500.0,81.43991479350599,True
2021,7,35.32,-106.06,0,0,0,0,0,0.0,0.0,71.91523310131042,True
2021,8,48.45,-98.99,1,0,0,0,0,2000.0,2000.0,160.81358516003962,True
2021,8,47.67,-97.87,2,0,0,0,0,150000.0,4000.0,43.807322367731324,True
2021,7,36.088,-96.72,1,0,0,0,0,50000.0,0.0,97.89205564922896,True
2021,6,39.0868,-84.8072,1,0,0,0,0,50000.0,0.0,92.60603799021442,True
2021,7,42.2605,-94.7834,3,0,0,0,0,2500000.0,5000.0,105.57613966366037,True
2021,8,43.1305,-90.7199,3,0,0,0,0,430000.0,25000.0,85.85424881404444,True
2021,7,42.3179,-93.7623,1,0,0,0,0,10000.0,4000.0,65.33050113394627,True
2021,8,47.86,-96.85,1,0,0,0,0,120000.0,10000.0,51.246771454207035,True
2021,8,47.89,-96.73,0,0,0,0,0,5000.0,1000.0,60.014137947036154,True
2021,7,42.486,-95.0992,-1,0,0,0,0,0.0,500.0,141.195898401482,True
2021,4,36.3642,-88.2582,1,0,0,1,0,600000.0,0.0,90.70304735223152,True
2021,7,37.88,-102.69,-1,0,0,0,0,0.0,0.0,186.3564932827098,True
2021,3,34.506,-81.723,0,0,0,0,0,0.0,0.0,61.83271674717903,True
2021,7,39.5778,-83.2372,0,0,0,0,0,100000.0,0.0,53.11889381508731,True
2021,7,42.1661,-92.3193,1,0,0,0,0,25000.0,1000.0,125.74737687009676,True
2021,8,42.4292,-94.2684,-1,0,0,0,0,0.0,1000.0,89.73709430021458,True
2021,8,42.3844,-94.1794,-1,0,0,0,0,0.0,1000.0,81.83978091956033,True
2021,8,42.3149,-94.2042,-1,0,0,0,0,0.0,1000.0,76.12461995352506,True
2021,7,43.3,-75.39,1,0,0,0,0,107500.0,50000.0,55.817281284088985,True
2021,7,42.6877,-92.6161,1,0,0,0,0,300000.0,1000.0,140.08055108450864,True
2021,8,42.2877,-94.1444,-1,0,0,0,0,0.0,1000.0,71.01792004577173,True
2021,8,42.274,-94.1342,-1,0,0,0,0,0.0,200.0,69.27884066243796,True
2021,7,35.3,-106.58,0,0,0,0,0,0.0,0.0,27.748496560261177,True
2021,6,39.1663,-85.1963,1,0,0,0,0,100000.0,0.0,110.84563578006406,True
2021,7,42.4174,-94.9087,-1,0,0,0,0,0.0,500.0,124.1090264885602,True
2021,8,42.5925,-94.6291,-1,0,0,0,0,0.0,500.0,121.46424239531169,True
2021,8,40.8405,-84.5042,-1,0,0,0,0,0.0,0.0,115.57903945459218,True
2021,7,42.7219,-92.7616,-1,0,0,0,0,0.0,700.0,135.65299170734275,True
2021,12,44.9712,-90.9228,2,0,0,0,0,120000.0,0.0,129.46626694248567,True
2021,8,42.7365,-94.3464,-1,0,0,0,0,0.0,1000.0,123.01793088142361,True
2021,8,42.7606,-93.9139,0,0,0,0,0,0.0,1000.0,115.55021553886661,True
2021,8,41.47,-89.3,1,0,0,0,0,0.0,0.0,102.27126939358497,True
2021,8,41.41,-89.55,-1,0,0,0,0,0.0,0.0,88.71329853500042,True
2021,6,39.59,-84.458,0,0,0,0,0,10000.0,0.0,57.764390950077,True
2021,8,43.0639,-93.4134,0,0,0,0,0,1000.0,500.0,150.36295898998227,True
2021,7,43.0759,-89.5869,1,0,0,0,0,0.0,0.0,85.10201203690256,True
2021,6,39.2434,-94.2713,0,0,0,0,0,0.0,0.0,48.16881829142258,True
2021,8,42.9474,-93.1152,-1,0,0,0,0,1000.0,500.0,144.17227408388524,True
2021,8,43.8562,-90.6415,1,0,0,0,0,40000.0,9000.0,44.23595631689913,True
2021,8,43.8608,-90.5112,1,0,0,0,0,3000.0,8000.0,54.691500819810436,True
2021,8,41.6664,-84.3284,1,0,0,0,0,0.0,0.0,119.2215848258354,True
2021,8,40.7749,-84.4121,-1,0,0,0,0,0.0,0.0,125.9752353122372,True
2021,8,42.9667,-92.9924,0,0,0,0,0,10000.0,10000.0,149.93172851383594,True
2021,12,43.5142,-93.0493,0,0,0,0,0,15000.0,0.0,153.34387508358833,True
2021,12,43.7419,-92.4836,1,0,0,0,0,210000.0,0.0,104.14948447383664,True
2021,12,43.8184,-91.9031,1,0,0,0,0,40000.0,0.0,57.12452520532388,True
2021,8,42.0241,-71.8627,0,0,0,0,0,10000.0,0.0,60.46756220513081,True
2021,3,33.6619,-86.8534,0,0,0,1,0,0.0,0.0,55.03185782283614,True
2021,12,42.557,-93.2049,1,0,0,0,0,10000.0,0.0,101.27823613183449,True
2021,12,42.8998,-93.7488,-1,0,0,0,0,0.0,0.0,129.97102382920596,True
2021,12,42.8225,-93.2513,1,0,0,0,0,100000.0,0.0,127.40789755714792,True
2021,12,42.7153,-93.114,2,0,0,0,0,250000.0,0.0,120.37425291870866,True
2021,12,42.9664,-93.1375,0,0,0,0,0,500.0,0.0,145.5375283722555,True
2021,12,43.2076,-93.0698,0,0,0,0,0,500.0,0.0,166.2158543345305,True
2021,12,43.3432,-93.2481,0,0,0,0,0,5000.0,0.0,169.331578602354,True
2021,12,41.6317,-93.0505,0,0,0,0,0,50000.0,0.0,56.91951216152561,True
2021,12,43.4643,-93.6889,1,0,0,0,0,50000.0,0.0,154.27251911163935,True
2021,12,42.8866,-92.9117,0,0,0,0,0,5000.0,0.0,144.7660562061897,True
2021,12,43.4877,-93.0627,-1,0,0,0,0,0.0,0.0,155.10805731051053,True
2021,11,40.7868,-72.9423,0,0,0,0,0,100000.0,0.0,10.959611677801975,True
2021,3,32.6004,-86.6099,0,0,0,0,0,0.0,0.0,65.28095770906285,True
2021,3,32.1279,-86.0797,0,0,0,0,0,0.0,0.0,52.98890487318637,True
2021,9,40.7586,-77.0062,1,0,0,0,0,0.0,0.0,85.8963204878731,True
2021,11,40.8086,-72.6949,0,0,0,0,0,300000.0,0.0,15.56415529264165,True
2021,11,40.8513,-72.5341,0,0,0,0,0,300000.0,0.0,27.782842370598107,True
2021,3,33.6655,-91.8083,2,0,0,0,0,300000.0,0.0,136.7087486146263,True
2021,3,32.838,-86.46,2,0,0,0,0,0.0,0.0,47.04208923963703,True
2021,12,40.6662,-98.2789,0,0,0,0,0,2000.0,0.0,40.803152233193764,True
2021,12,40.698,-98.231,0,0,0,0,0,150000.0,0.0,45.57335287980902,True
2021,12,40.6663,-98.2782,0,0,0,0,0,150000.0,0.0,40.833647707893284,True
2021,3,34.0606,-87.9958,0,0,0,0,0,0.0,0.0,35.72550105263497,True
2021,5,32.2576,-97.085,-1,0,0,0,0,0.0,0.0,40.58847911863479,True
2021,11,41.7422,-71.7901,0,0,0,0,0,10000.0,0.0,59.089603550515584,True
2021,3,32.0678,-87.9015,1,0,0,0,0,0.0,0.0,157.68218309152843,True
2021,3,33.1907,-87.3795,1,0,0,0,0,0.0,0.0,56.78668542438802,True
2021,12,41.7522,-94.4961,1,0,0,0,0,120000.0,0.0,64.19812836072362,True
2021,3,33.0063,-86.3522,0,0,0,0,0,0.0,0.0,43.03712232893094,True
2021,3,33.2887,-87.2997,1,0,0,0,0,0.0,0.0,50.975356798818375,True
2021,12,30.388,-95.3073,1,0,0,0,0,200000.0,0.0,104.21232229690273,True
2021,11,32.2551,-93.2998,0,0,0,0,0,5000.0,0.0,55.3205424290923,True
2021,3,34.1591,-87.1281,1,0,0,0,0,0.0,0.0,114.46002947049323,True
2021,12,39.4805,-88.4708,2,0,0,0,0,0.0,0.0,104.97923494287953,True
2021,12,40.5831,-98.9391,0,0,0,0,0,400000.0,0.0,51.186619704695715,True
2021,11,32.617,-86.0858,0,0,0,0,0,0.0,0.0,29.143724808384917,True
2021,11,32.4021,-94.1055,0,0,0,0,0,0.0,0.0,25.387742304125936,True
2021,11,40.6249,-73.7198,0,0,0,0,0,300000.0,0.0,76.90606169779002,True
2021,3,32.8165,-86.5539,1,0,0,0,0,0.0,0.0,44.35316240923732,True
2021,3,33.336,-87.3097,1,0,0,0,0,0.0,0.0,53.42206203276599,True
2021,3,33.5371,-87.0217,1,0,0,0,0,0.0,0.0,46.865883084469615,True
2021,12,40.2676,-98.7285,0,0,0,0,0,50000.0,0.0,25.014105307903854,True
2021,12,40.269,-98.726,0,0,0,0,0,400000.0,0.0,24.771224549539074,True
2021,12,40.656,-98.891,0,0,0,0,0,300000.0,0.0,53.2086275415554,True
2021,12,40.6563,-98.8151,0,0,0,0,0,100000.0,0.0,48.8603377864322,True
2021,12,42.7555,-93.5566,1,0,0,0,0,5000.0,0.0,114.72715364837751,True
2021,12,42.9083,-93.7453,0,0,0,0,0,500.0,0.0,130.91167895600026,True
2021,11,36.179,-95.764,0,0,0,0,0,0.0,0.0,17.945119770294554,True
2021,11,32.5302,-93.9118,1,0,0,0,0,90000.0,0.0,11.031157065089273,True
2021,2,36.7925,-85.0874,1,0,0,0,0,0.0,0.0,145.09136180129119,True
2021,3,32.5117,-87.8866,0,0,0,0,0,0.0,0.0,127.58014326701549,True
2021,12,40.676,-98.803,0,0,0,0,0,250000.0,0.0,49.917397108461145,True
2021,12,40.35,-98.638,0,0,0,0,0,250000.0,0.0,16.931698980077908,True
2021,12,40.3214,-98.5025,1,0,0,0,0,50000.0,0.0,5.134567306937357,True
2021,12,40.35,-98.484,1,0,0,0,0,350000.0,0.0,4.819754448637124,True
2021,12,40.724,-98.1115,1,0,0,0,0,500000.0,0.0,52.81920927159507,True
2021,3,33.004,-87.421,0,0,0,0,0,0.0,0.0,63.48360990883331,True
2021,12,32.73,-83.21,0,0,0,0,0,0.0,0.0,14.551597686997093,True
2021,3,34.1805,-91.5233,2,0,0,0,0,0.0,0.0,99.49600314643821,True
2021,12,36.951,-93.253,1,0,0,0,0,150000.0,0.0,34.20193065210265,True
2021,5,32.3057,-96.9809,-1,0,0,0,0,0.0,0.0,42.383001658044655,True
2021,5,32.4003,-96.9627,-1,0,0,0,0,0.0,0.0,37.247118459945455,True
2021,5,32.8972,-96.778,1,0,0,0,0,50000.0,0.0,60.942325687861334,True
2021,12,40.6551,-98.4578,1,0,0,0,0,200000.0,0.0,37.19331978164869,True
2021,12,40.698,-98.419,1,0,0,0,0,200000.0,0.0,41.98420686360964,True
2021,12,41.9551,-95.5749,-1,0,0,0,0,0.0,0.0,96.5069277969662,True
2021,12,41.333,-95.107,2,0,0,0,0,300000.0,0.0,105.20521793920808,True
2021,12,40.9688,-97.9153,1,0,0,0,0,350000.0,0.0,84.649573005042,True
2021,12,41.076,-97.828,1,0,0,0,0,150000.0,0.0,98.63960404251348,True
2021,12,41.061,-97.7318,1,0,0,0,0,400000.0,0.0,101.77651626975363,True
2021,11,41.3967,-71.8186,1,0,0,0,0,50000.0,0.0,84.08548323167841,True
2021,12,37.345,-92.75,1,0,0,0,0,250000.0,0.0,58.80524147505255,True
2021,12,36.761,-93.224,1,0,0,0,0,120000.0,0.0,55.01064082450955,True
2021,3,33.5686,-86.707,1,0,0,0,0,0.0,0.0,44.48947079087631,True
2021,5,31.2132,-97.3801,0,0,0,0,0,50000.0,0.0,54.65734708411547,True
2021,5,32.8448,-96.7982,0,0,0,0,0,2000.0,0.0,56.09639326338296,True
2021,12,41.5046,-94.9741,1,0,0,0,0,50000.0,0.0,107.01899136396204,True
2021,12,41.4876,-94.8961,0,0,0,0,0,25000.0,0.0,101.23036574736773,True
2021,12,41.5045,-94.8855,1,0,0,0,0,75000.0,0.0,99.87878960426055,True
2021,12,41.6206,-94.6906,1,0,0,0,0,100000.0,0.0,81.30835653741157,True
2021,12,42.1842,-95.0694,-1,0,0,0,0,0.0,0.0,122.21114889184456,True
2021,12,42.2103,-95.053,2,0,0,0,0,150000.0,0.0,122.19375387495646,True
2021,12,41.6998,-94.7044,2,0,0,0,0,350000.0,0.0,81.54489618792512,True
2021,11,41.766,-73.664,1,0,0,0,0,17000.0,0.0,120.37585143277701,True
2021,8,42.4,-90.96,0,0,0,0,0,0.0,0.0,93.08947748593688,True
2021,3,33.136,-85.654,2,0,0,0,0,0.0,0.0,67.84183617350728,True
2021,3,33.396,-87.248,0,0,0,0,0,0.0,0.0,50.96330293609909,True
2021,12,39.882,-87.62,1,0,0,0,0,0.0,0.0,116.09284850001848,True
2021,3,32.285,-87.428,0,0,0,0,0,0.0,0.0,116.26716853099447,True
2021,12,41.8633,-94.536,2,0,0,0,0,100000.0,0.0,68.99145366165239,True
2021,12,42.0088,-94.8095,1,0,0,0,0,80000.0,0.0,95.12771095879755,True
2021,12,41.8632,-94.4327,2,0,0,0,0,350000.0,0.0,60.64974256216532,True
2021,12,41.8432,-94.4015,1,0,0,0,0,1000.0,0.0,57.63070659527066,True
2021,12,41.8631,-94.3831,2,0,0,0,0,800000.0,0.0,56.66641532890403,True
2021,11,40.7982,-72.8712,1,0,0,0,0,900000.0,0.0,7.510658431419858,True
2021,11,41.2776,-72.7951,0,0,0,0,0,100000.0,0.0,46.18294924905098,True
2021,8,41.9942,-71.898,0,0,0,0,0,15000.0,0.0,63.06544104111274,True
2021,3,33.9227,-86.5587,1,0,0,0,0,0.0,0.0,85.74058413589071,True
2021,12,39.419,-88.59,2,0,0,0,0,0.0,0.0,103.38096558244723,True
2021,12,39.4474,-88.5269,2,0,0,0,0,0.0,0.0,104.39859112308054,True
2021,12,41.943,-94.5058,2,0,0,0,0,1200000.0,0.0,69.01032989181704,True
2021,12,41.9863,-94.4796,2,0,0,0,0,500000.0,0.0,68.79658481954014,True
2021,12,42.081,-94.4866,2,0,0,0,0,20000.0,0.0,74.21951201982267,True
2021,12,42.2525,-94.6317,-1,0,0,0,0,0.0,0.0,94.88356929812585,True
2021,12,42.2211,-94.583,1,0,0,0,0,20000.0,0.0,89.57868114015814,True
2021,12,42.0405,-94.2019,-1,0,0,0,0,0.0,0.0,52.50005722169061,True
2021,3,31.99,-88.0225,1,0,0,0,0,0.0,0.0,147.18060394712444,True
2021,3,32.0921,-87.8699,0,0,0,0,0,0.0,0.0,158.21070593375208,True
2021,12,40.0607,-89.9153,2,0,0,0,0,0.0,0.0,50.20404332483159,True
2021,12,39.2159,-89.0236,2,0,0,1,0,0.0,0.0,107.3217368768208,True
2021,12,42.0886,-94.1647,1,0,0,0,0,10000.0,0.0,54.010248957253005,True
2021,12,42.21,-94.0637,2,0,0,0,0,20000.0,0.0,60.24719083011952,True
2021,12,42.2902,-94.476,2,0,0,0,0,50000.0,0.0,87.95940095088157,True
2021,12,42.4464,-94.3974,1,0,0,0,0,50000.0,0.0,97.07963520701834,True
2021,12,43.0586,-94.8102,1,0,0,0,0,60000.0,0.0,165.98341286127942,True
2021,12,42.1489,-94.282,2,0,0,0,0,25000.0,0.0,65.55258144195327,True
2021,11,32.4005,-94.2352,0,0,0,0,0,1000.0,0.0,37.39750335359476,True
2021,12,30.438,-90.0813,0,0,0,0,0,50000.0,0.0,32.54064207616507,True
2021,12,39.8494,-87.6693,2,0,0,0,0,0.0,0.0,119.74392981964807,True
2021,12,42.2098,-94.2441,2,0,0,0,0,200000.0,0.0,68.48566219222793,True
2021,12,42.5797,-94.5775,-1,0,0,0,0,0.0,0.0,117.75699866537023,True
2021,12,42.1272,-94.0157,0,0,0,0,0,5000.0,0.0,50.26733549382378,True
2021,12,42.21,-93.942,-1,0,0,0,0,0.0,0.0,56.248880549845815,True
2021,12,42.2227,-93.9317,2,0,0,0,0,100000.0,0.0,57.32488004165304,True
2021,12,42.6852,-94.5062,-1,0,0,0,0,0.0,0.0,124.1679174250274,True
2021,12,42.7588,-94.4431,-1,0,0,0,0,0.0,0.0,128.7378506236423,True
2021,11,34.61,-97.76,-1,0,0,0,0,0.0,0.0,91.62340336779597,True
2021,3,33.7026,-86.1053,3,6,0,10,0,0.0,0.0,85.33879041353515,True
2021,12,39.8954,-90.2398,2,0,0,0,0,0.0,0.0,81.95714699976055,True
2021,12,39.6,-88.1,1,0,0,0,0,0.0,0.0,122.00659640436888,True
2021,12,42.2374,-93.9463,-1,0,0,0,0,0.0,0.0,59.25001685612839,True
2021,12,42.2513,-93.9318,2,0,0,0,0,180000.0,0.0,60.36625420087665,True
2021,12,42.7841,-94.3105,1,0,0,0,0,30000.0,0.0,126.68219570004551,True
2021,12,42.4239,-94.0578,2,0,0,0,0,75000.0,0.0,81.84562807852383,True
2021,12,42.2514,-93.8019,0,0,0,0,0,10000.0,0.0,58.2224114099384,True
2021,12,42.3813,-93.9473,-1,0,0,0,0,0.0,0.0,74.63587926125709,True
2021,12,42.4049,-93.9319,0,0,0,0,0,70000.0,0.0,76.88458851293511,True
2021,12,42.561,-95.956,1,0,0,0,0,50000.0,0.0,130.29065119664892,True
2021,3,32.814,-87.473,3,0,0,0,0,0.0,0.0,76.72131931489145,True
2021,8,40.77,-90.47,-1,0,0,0,0,0.0,0.0,94.04665531337508,True
2021,3,34.1548,-91.5722,1,0,0,0,0,0.0,0.0,98.68766581989813,True
2021,10,48.044,-90.296,2,0,0,0,0,0.0,0.0,196.78568703207577,True
2021,12,42.6557,-93.6664,2,0,0,0,0,150000.0,0.0,102.91594603837525,True
2021,12,42.8391,-93.4987,-1,0,0,0,0,0.0,0.0,124.5760276655498,True
2021,12,42.9083,-93.4544,2,0,0,0,0,100000.0,0.0,132.74615870651925,True
2021,12,42.5306,-93.3697,-1,0,0,0,0,0.0,0.0,93.54848224793645,True
2021,12,42.5574,-93.3315,1,0,0,0,0,5000.0,0.0,97.38065775602944,True
2021,12,42.482,-93.2841,1,0,0,0,0,25000.0,0.0,91.00345096968834,True
2021,3,32.6746,-86.7364,2,0,0,0,0,0.0,0.0,55.38906230331895,True
2021,11,40.7178,-73.1972,0,0,0,0,0,500000.0,0.0,32.51152328320653,True
2021,12,42.288,-96.304,-1,0,0,0,0,0.0,0.0,107.73248425362516,True
2021,8,40.53,-102.14,0,0,0,0,0,0.0,0.0,134.64861805213627,True
2021,8,40.55,-102.13,0,0,0,0,0,0.0,0.0,136.5534429261645,True
2021,8,40.52,-102.11,1,0,0,0,0,20000.0,0.0,132.88678575676522,True
2021,8,32.3979,-85.5981,0,0,0,0,0,0.0,0.0,23.691030978207216,True
2021,8,36.64,-90.302,0,0,0,0,0,15000.0,0.0,144.22485094769627,True
2021,8,31.7266,-85.9109,0,0,0,0,0,0.0,0.0,52.00044231958714,True
2021,8,36.0669,-80.8831,0,0,0,0,0,15000.0,0.0,119.53636380948106,True
2021,8,31.3194,-85.5045,0,0,0,0,0,100000.0,0.0,16.26901029491548,True
2021,8,31.1884,-85.614,0,0,0,0,0,0.0,0.0,33.63738080083615,True
2021,8,36.1725,-80.9278,0,0,0,0,0,85000.0,0.0,111.23319958276448,True
2021,8,42.9363,-92.9972,0,0,0,0,0,0.0,2000.0,146.6854999717044,True
2021,8,31.1999,-85.4894,0,0,0,0,0,20000.0,0.0,29.12287561117034,True
2021,8,31.1949,-85.6078,0,0,0,0,0,10000.0,0.0,32.73050500288822,True
2021,8,37.0808,-80.5188,1,0,0,0,0,20000.0,0.0,22.605135259607273,True
2021,8,37.1974,-80.4376,1,0,0,0,0,3000.0,0.0,24.106536946028832,True
2021,8,29.0782,-80.9548,0,0,0,0,0,0.0,0.0,111.25387987188698,True
2021,8,42.7375,-85.8041,0,0,0,0,0,300000.0,0.0,27.375486535087184,True
2021,8,29.922,-95.7281,0,0,0,0,0,5000.0,0.0,80.2292391194808,True
2021,8,36.592,-77.227,0,0,0,0,0,5000.0,0.0,47.75833003764662,True
2021,8,40.6474,-76.5331,0,0,0,0,0,20000.0,0.0,127.56508945850985,True
2021,8,36.2951,-75.8094,0,0,0,0,0,10000.0,0.0,131.5015855447885,True
2021,8,40.798,-76.991,0,0,0,0,0,4000.0,0.0,86.30815492440108,True
2021,8,40.4506,-76.9074,1,0,0,0,0,20000.0,0.0,106.33505113495244,True
2021,8,38.0146,-99.7541,0,0,0,0,0,0.0,0.0,33.93394263834048,True
2021,8,39.856,-76.627,0,0,0,0,0,20000.0,0.0,122.62397962060165,True
2021,8,39.9391,-77.0619,0,0,0,0,0,6000.0,0.0,113.14276181433581,True
2021,5,36.4798,-104.571,0,0,0,0,0,0.0,0.0,251.26383317188896,True
2021,10,37.49,-91.45,1,0,0,0,0,225000.0,0.0,150.25443044061203,True
2021,10,30.4258,-93.6528,1,0,0,0,0,5000.0,0.0,53.63659359938046,True
2021,10,35.579,-96.552,1,0,0,0,0,150000.0,0.0,71.19668309380118,True
2021,10,36.0135,-85.0337,1,0,0,0,0,25000.0,0.0,139.7372745613411,True
2021,9,44.423,-91.4507,1,0,0,1,0,450000.0,0.0,69.88514049691088,True
2021,6,39.9,-104.04,0,0,0,0,0,0.0,0.0,44.98521299677365,True
2021,6,40.02,-103.93,0,0,0,0,0,0.0,0.0,58.58812714243853,True
2021,10,30.2078,-93.1775,1,0,0,1,0,1000000.0,0.0,9.88778870035232,True
2021,10,30.1518,-93.2668,2,0,0,2,0,2500000.0,0.0,5.714864574752157,True
2021,10,39.326,-83.34,0,0,0,1,0,30000.0,0.0,42.70842336270764,True
2021,10,35.6854,-96.4099,-1,0,0,0,0,0.0,0.0,87.78158253759686,True
2021,10,30.12,-95.36,0,0,0,0,0,500.0,0.0,76.99757148768931,True
2021,10,30.3346,-93.6165,-1,0,0,0,0,0.0,0.0,44.97821214800607,True
2021,10,38.0852,-87.0117,1,0,0,0,0,45000.0,5000.0,65.28073689258318,True
2021,10,35.535,-97.179,0,0,0,0,0,20000.0,0.0,24.172451830976193,True
2021,10,35.483,-95.253,1,0,0,0,0,50000.0,0.0,81.89868917283783,True
2021,10,29.9036,-94.0196,0,0,0,0,0,150000.0,0.0,81.2165312377932,True
2021,10,30.1108,-93.8337,2,0,0,0,0,2000000.0,0.0,59.445501090500066,True
2021,10,30.1772,-93.8033,2,0,0,1,0,3000000.0,0.0,56.774744094089094,True
2021,10,30.2448,-93.7762,2,0,0,0,0,850000.0,0.0,55.47152588468166,True
2021,10,35.732,-96.07,0,0,0,0,0,10000.0,0.0,67.07983073009254,True
2021,10,36.302,-94.834,1,0,0,0,0,0.0,0.0,66.98773334642202,True
2021,10,41.4873,-89.0287,-1,0,0,0,0,0.0,0.0,79.65408216194812,True
2021,10,37.634,-90.147,2,0,0,0,0,200000.0,0.0,127.33597135430314,True
2021,10,37.61,-90.06,1,0,0,0,0,10000.0,0.0,128.8190361035225,True
2021,10,27.39,-82.22,-1,0,0,0,0,0.0,0.0,39.378845260295115,True
2021,10,35.368,-97.063,0,0,0,0,0,10000.0,0.0,19.860400556078112,True
2021,10,35.396,-96.867,0,0,0,0,0,0.0,0.0,37.89796256100772,True
2021,10,34.78,-96.723,1,0,0,0,0,100000.0,0.0,79.57052691371455,True
2021,10,37.0968,-90.32,1,0,0,0,0,20000.0,0.0,137.3597931809107,True
2021,10,37.1081,-90.2353,1,0,0,0,0,400000.0,0.0,129.87563287213436,True
2021,10,37.809,-98.4275,0,0,0,0,0,0.0,0.0,88.26378952276343,True
2021,9,44.4824,-93.952,0,0,0,0,0,2000.0,10000.0,50.93910695998045,True
2021,9,40.8575,-111.9304,1,0,0,0,0,0.0,750000.0,62.54902070803725,True
2021,10,31.012,-91.6317,0,0,0,0,0,5000.0,0.0,128.9868223909339,True
2021,10,36.7894,-94.4301,1,0,0,0,0,75000.0,0.0,104.01352148697893,True
2021,10,37.32,-94.12,0,0,0,0,0,80000.0,0.0,64.37394163957659,True
2021,10,30.3685,-90.0926,0,0,0,0,0,2000.0,0.0,34.53981332069971,True
2021,9,44.7507,-93.383,0,0,0,0,0,250000.0,0.0,18.071304133159394,True
2021,10,39.1881,-83.7364,0,0,0,0,0,40000.0,0.0,26.838184036276687,True
2021,10,39.421,-83.118,0,0,0,0,0,100000.0,0.0,60.443330319100276,True
2021,10,35.8596,-95.8518,-1,0,0,0,0,0.0,0.0,43.58073967603686,True
2021,9,44.7906,-93.2434,0,0,0,0,0,0.0,0.0,26.220217311047815,True
2021,10,39.489,-82.9518,1,0,0,0,0,200000.0,0.0,75.07302923814072,True
2021,10,39.2454,-83.5936,1,0,0,0,0,100000.0,0.0,27.619374150258892,True
2021,10,41.72,-86.47,-1,0,0,0,0,0.0,0.0,75.64349460903347,True
2021,10,34.939,-92.1654,0,0,0,0,0,5000.0,0.0,14.413285834014621,True
2021,10,30.5196,-89.6734,1,0,0,0,0,50000.0,0.0,70.30935425935273,True
2021,10,30.4003,-88.5177,1,1,0,0,0,150000.0,0.0,40.89186273602323,True
2021,9,44.7388,-93.2146,0,0,0,0,0,0.0,0.0,30.27545053199189,True
2021,10,35.936,-95.647,1,0,0,0,0,3000000.0,0.0,27.59890128253263,True
2021,10,35.601,-95.127,1,0,0,0,0,15000.0,0.0,74.99534011298016,True
2021,10,39.729,-90.053,0,0,0,0,0,0.0,0.0,76.97343992468373,True
2021,10,40.835,-89.203,-1,0,0,0,0,0.0,0.0,76.95024239189435,True
2021,10,40.894,-89.23,0,0,0,0,0,0.0,0.0,83.16581448900017,True
2021,10,39.8385,-93.6487,0,0,0,0,0,5000.0,0.0,126.0086009792661,True
2021,10,41.18,-89.31,-1,0,0,0,0,0.0,0.0,112.60090620955182,True
2021,9,30.1599,-84.4497,0,0,0,0,0,0.0,0.0,28.853661811348946,True
2021,10,40.712,-89.046,-1,0,0,0,0,0.0,0.0,67.11291011994385,True
2021,10,36.1625,-86.5594,0,0,0,0,0,5000.0,0.0,9.42453951477793,True
2021,10,39.3375,-83.3086,2,0,0,0,0,300000.0,0.0,45.04767245805702,True
2021,9,40.7529,-76.9131,0,0,0,0,0,20000.0,0.0,93.69307610474746,True
2021,10,35.807,-94.029,1,0,0,0,0,100000.0,0.0,64.85794422745023,True
2021,10,35.679,-97.013,0,0,0,0,0,5000.0,0.0,45.32203221400588,True
2021,9,41.3625,-80.1151,1,0,0,0,0,0.0,0.0,92.78804666002979,True
2021,10,41.3524,-79.0482,1,0,0,1,0,20000.0,0.0,99.63644117339548,True
2021,10,42.7826,-83.5149,0,0,0,0,0,0.0,0.0,9.841153583835418,True
2021,10,43.0921,-82.6055,0,0,0,0,0,40000.0,0.0,82.94143842600754,True
2021,10,37.35,-94.1127,0,0,0,0,0,0.0,0.0,64.30054454527755,True
2021,10,35.388,-97.942,0,0,0,0,0,5000.0,0.0,60.54479387435779,True
2021,10,37.8961,-92.4145,1,0,0,0,0,80000.0,0.0,113.78993038359269,True
2021,10,35.816,-93.962,1,0,0,0,0,0.0,0.0,68.73287672216688,True
2021,9,44.0331,-92.2261,0,0,0,0,0,100000.0,0.0,86.12265344625446,True
2021,10,41.4045,-87.5291,0,0,0,0,0,0.0,0.0,51.311923146480645,True
2021,10,40.9199,-88.028,-1,0,0,0,0,0.0,0.0,76.26341965421939,True
2021,10,41.4072,-87.5255,0,0,0,0,0,0.0,0.0,51.45270915113391,True
2021,10,36.6796,-79.1481,1,0,0,0,0,40000.0,0.0,107.2679830208478,True
2021,9,41.7413,-70.2135,0,0,0,0,0,15000.0,0.0,80.11352126064044,True
2021,12,43.5373,-93.1981,1,0,0,0,0,0.0,0.0,148.7532977496816,True
2021,12,44.6017,-91.0761,0,0,0,0,0,0.0,0.0,87.09664093962415,True
2021,12,26.5125,-81.8421,1,0,0,1,0,750000.0,0.0,143.7395526937087,True
2021,6,45.55,-100.96,0,0,0,0,0,0.0,0.0,136.6187550533264,True
2021,6,45.66,-100.05,0,0,0,0,0,0.0,0.0,129.45238093318252,True
2021,12,43.508,-93.0741,1,0,0,0,0,0.0,0.0,154.1622988502329,True
2021,12,44.901,-90.9834,2,0,0,0,0,0.0,0.0,121.0252170963598,True
2021,12,33.055,-86.617,0,0,0,0,0,0.0,0.0,19.271608897225647,True
2021,6,41.7451,-88.1947,3,0,0,11,0,0.0,0.0,18.12437583369525,True
2021,12,43.894,-93.0592,0,0,0,0,0,105000.0,0.0,113.54824913779728,True
2021,12,43.4997,-93.0559,0,0,0,0,0,0.0,0.0,154.24639734365533,True
2021,12,44.9012,-91.3039,0,0,0,0,0,0.0,0.0,120.25072585910696,True
2021,6,41.8144,-83.8363,1,0,0,0,0,250000.0,0.0,102.9439830904366,True
2021,12,43.5323,-93.3052,0,0,0,0,0,0.0,0.0,147.86071689981026,True
2021,6,39.5153,-89.9178,-1,0,0,0,0,0.0,0.0,86.31220430314569,True
2021,12,43.6113,-93.2505,0,0,0,0,0,0.0,0.0,139.88254251288464,True
2021,12,44.1969,-92.8897,1,0,0,0,0,0.0,0.0,90.14584839105785,True
2021,6,44.0149,-83.0386,2,0,0,6,0,1900000.0,0.0,150.34426073501388,True
2021,12,32.4364,-86.1324,0,0,0,0,0,0.0,0.0,34.016758132894296,True
2021,12,44.2085,-92.9385,1,0,0,0,0,0.0,0.0,86.83806866205906,True
2021,12,36.708,-93.387,1,0,0,0,0,500000.0,0.0,58.641599363290325,True
2021,12,35.822,-90.919,1,0,0,0,0,100000.0,0.0,108.43524118793307,True
2021,12,35.6067,-90.9342,0,0,0,0,0,25000.0,0.0,100.38391043547209,True
2021,12,35.7326,-90.5971,0,0,0,0,0,25000.0,0.0,78.41462055216084,True
2021,12,36.4192,-89.2733,1,0,0,0,0,5000.0,0.0,84.88530955388904,True
2021,12,36.443,-89.2139,0,0,0,0,0,5000.0,0.0,79.90715526996182,True
2021,12,37.37,-92.689,1,0,0,0,0,100000.0,0.0,64.6704779370118,True
2021,6,44.47,-84.63,0,0,0,0,0,5000.0,0.0,49.03229178951881,True
2021,12,30.4952,-86.1819,0,0,0,0,0,0.0,0.0,26.106975487365027,True
2021,12,30.9019,-84.5761,0,0,0,0,0,15000.0,0.0,60.86938712523723,True
2021,6,47.5569,-103.9355,-1,0,0,0,0,0.0,0.0,213.13611445245655,True
2021,6,34.7496,-78.0315,1,0,0,0,0,0.0,0.0,92.09753223594147,True
2021,6,37.3586,-105.6994,-1,0,0,0,0,0.0,0.0,265.5005630220892,True
2021,12,31.1087,-83.7293,1,0,0,0,0,100000.0,0.0,73.47090681150996,True
2021,12,40.7305,-83.8264,1,0,0,0,0,300000.0,0.0,145.6914868887231,True
2021,12,37.407,-87.098,3,0,0,0,0,0.0,0.0,76.36220924771723,True
2021,10,37.487,-90.547,-1,0,0,0,0,0.0,0.0,135.27763720031928,True
2021,10,38.393,-89.204,0,0,0,0,0,0.0,0.0,129.8967993213234,True
2021,6,35.2606,-100.6701,1,0,0,0,0,100000.0,0.0,94.41508969647819,True
2021,12,31.1703,-83.3804,1,0,0,0,0,100000.0,0.0,47.653853657135635,True
2021,12,43.4997,-93.6704,0,0,0,0,0,0.0,0.0,150.25492250968185,True
2021,12,33.9167,-88.0816,0,0,0,0,0,0.0,0.0,22.95475333001609,True
2021,12,33.922,-87.952,1,0,0,0,0,0.0,0.0,34.91979991860132,True
2021,6,35.2825,-97.8873,0,0,0,0,0,0.0,0.0,55.59634681282042,True
2021,12,31.2,-93.13,0,0,0,0,0,2000.0,0.0,15.487295172047098,True
2021,12,43.6155,-93.6294,1,0,0,0,0,0.0,0.0,137.23998931754386,True
2021,12,33.9681,-85.9351,0,0,0,0,0,0.0,0.0,107.8823989538272,True
2021,12,33.0444,-86.7754,1,0,0,0,0,0.0,0.0,14.191665317532877,True
2021,6,42.28,-90.85,1,0,0,0,0,0.0,0.0,77.57850993063873,True
2021,12,43.6725,-93.5453,1,0,0,0,0,0.0,0.0,130.81739678328054,True
2021,6,39.5123,-90.3957,-1,0,0,0,0,0.0,0.0,93.7784330606861,True
2021,6,42.2949,-90.8242,1,0,0,0,0,0.0,0.0,78.59315375121649,True
2021,12,43.7976,-93.4927,2,0,0,0,0,0.0,0.0,117.04043042330083,True
2021,12,41.4058,-87.4543,0,0,0,0,0,0.0,0.0,56.93297832077299,True
2021,3,33.2,-87.022,3,0,0,5,0,0.0,0.0,23.683309714586517,True
2021,3,33.0207,-88.3368,1,0,0,0,0,0.0,0.0,97.43266418345404,True
2021,5,32.2771,-97.1279,0,0,0,0,0,500.0,0.0,36.761354492711845,True
2021,11,41.7039,-71.8663,0,0,0,0,0,25000.0,0.0,66.61090765446299,True
2021,11,41.5656,-71.4811,0,0,0,0,0,50000.0,0.0,51.93739516353834,True
2021,3,32.864,-87.319,3,0,0,5,0,0.0,0.0,61.605517804950054,True
2021,5,32.28,-96.91,2,0,0,8,0,1500000.0,0.0,49.206381569116765,True
2021,3,32.4134,-88.2421,0,0,0,0,0,0.0,0.0,161.41647398886204,True
2021,3,32.6892,-87.7387,3,0,0,6,0,0.0,0.0,105.16426852744478,True
2021,9,39.6769,-75.25,3,0,0,2,0,5000000.0,0.0,77.7208410116933,True
2021,5,32.261,-97.083,-1,0,0,0,0,0.0,0.0,40.358099841460145,True
2021,9,39.77,-75.97,2,0,0,0,0,500000.0,0.0,114.49274186889072,True
2021,3,32.539,-88.1341,1,0,0,0,0,0.0,0.0,145.58439012429417,True
2021,3,32.6621,-86.692,1,0,0,0,0,0.0,0.0,57.153908202876195,True
2021,3,33.891,-86.7379,0,0,0,0,0,0.0,0.0,80.01020236829694,True
2021,3,33.069,-86.786,1,0,0,2,0,0.0,0.0,11.546378347589444,True
2021,3,32.8086,-86.5578,2,0,0,0,0,0.0,0.0,44.9770769764676,True
2021,3,33.027,-86.877,1,0,0,0,0,0.0,0.0,18.96334552951678,True
2021,3,33.1056,-85.7236,2,0,0,0,0,0.0,0.0,63.56671749151566,True
2021,8,42.4153,-71.6793,0,0,0,0,0,12000.0,0.0,67.8849566486463,True
2021,3,32.424,-86.9542,2,0,0,2,0,0.0,0.0,84.93578952369897,True
2021,5,32.4403,-97.7406,0,0,0,0,0,500.0,0.0,43.58763590236889,True
2021,3,33.6201,-91.3797,0,0,0,0,0,0.0,0.0,157.69962788244788,True
2021,3,33.0942,-85.771,1,0,0,0,0,0.0,0.0,62.022598422424444,True
2021,5,32.1367,-97.4546,-1,0,0,0,0,0.0,0.0,50.53307292605778,True
2021,9,40.107,-75.238,2,1,0,2,0,5000000.0,0.0,72.6534452133773,True
2021,3,32.9081,-87.7584,1,0,0,0,0,0.0,0.0,96.71491536413917,True
2021,3,33.005,-87.618,1,0,0,0,0,0.0,0.0,81.17829099061969,True
2021,5,32.1426,-97.4449,2,0,0,0,0,350000.0,0.0,49.651701539280204,True
2021,5,33.3276,-96.6676,0,0,0,0,0,500.0,0.0,102.76770677279691,True
2021,10,37.5267,-90.8578,1,0,0,0,0,0.0,0.0,131.23681852094577,True
2021,10,37.449,-90.609,1,0,0,0,0,0.0,0.0,139.13023177159246,True
2021,10,37.7049,-90.4095,2,0,0,0,0,0.0,0.0,113.07537498371771,True
2021,6,30.3478,-89.1763,0,0,0,0,0,50000.0,0.0,97.0024829402366,True
2021,12,35.3038,-91.3689,2,0,0,3,0,500000.0,0.0,96.47065823334779,True
2021,12,35.3651,-91.2519,2,0,0,0,0,10000.0,0.0,109.0839759291171,True
2021,6,30.6228,-88.413,1,0,0,0,0,5000.0,0.0,17.732063312483174,True
2021,7,32.3085,-110.8445,-1,0,0,0,0,0.0,0.0,50.35389889001423,True
2021,6,34.195,-88.745,0,0,0,0,0,5000.0,0.0,50.659213411712535,True
2021,8,34.7908,-88.1551,0,0,0,0,0,5000.0,0.0,100.67284325880638,True
2021,6,34.286,-88.576,0,0,0,0,0,10000.0,0.0,48.871102290496175,True
2021,7,41.5838,-79.9634,0,0,0,0,0,0.0,0.0,118.92318808371101,True
2021,6,34.213,-88.711,0,0,0,0,0,50000.0,0.0,49.724996225347674,True
2021,8,34.8445,-88.2132,1,0,0,0,0,250000.0,0.0,105.90358853447205,True
2021,10,37.5425,-90.3921,3,0,0,1,0,0.0,0.0,131.07336254071487,True
2021,7,40.8211,-74.2459,0,0,0,0,0,330000.0,0.0,98.19945384575061,True
2021,8,36.2019,-87.4151,0,0,0,0,0,5000.0,0.0,60.590089444985146,True
2021,5,37.2301,-105.9922,0,0,0,0,0,0.0,0.0,243.06672957598298,True
2021,10,35.105,-97.931,-1,0,0,0,0,0.0,0.0,64.53269911949555,True
2021,12,36.226,-89.694,2,0,0,0,0,0.0,0.0,99.31993489667954,True
2021,12,36.25,-89.644,2,0,0,0,0,0.0,0.0,102.7653375455405,True
2021,12,36.483,-89.135,0,0,0,0,0,25000.0,0.0,72.67566313864167,True
2021,5,40.1086,-101.5391,-1,0,0,0,0,0.0,0.0,83.61230639492038,True
2021,5,40.2448,-101.4356,-1,0,0,0,0,0.0,0.0,100.19745182516863,True
2021,5,39.9043,-100.9433,-1,0,0,0,0,0.0,0.0,88.15892918091603,True
2021,5,39.9717,-100.7881,-1,0,0,0,0,0.0,0.0,103.04056999677253,True
2021,5,39.9944,-100.45,-1,0,0,0,0,0.0,0.0,127.73111169088926,True
2021,12,36.084,-89.96,4,2,1,9,2,1250000.0,0.0,82.57574861589887,True
2021,5,39.42,-101.76,-1,0,0,0,0,0.0,0.0,7.820158777599744,True
2021,5,39.1011,-101.4696,-1,0,0,0,0,0.0,0.0,35.6160025803379,True
2021,5,39.0779,-101.6563,-1,0,0,0,0,0.0,0.0,32.36220010638727,True
2021,5,39.4079,-100.9801,-1,0,0,0,0,0.0,0.0,62.058273689092694,True
2021,5,39.2084,-101.3109,-1,0,0,0,0,0.0,0.0,37.864184882731095,True
2021,5,40.1613,-101.5333,2,0,0,0,0,0.0,0.0,89.47426736772492,True
2021,5,40.2898,-101.2991,-1,0,0,0,0,0.0,0.0,108.1841792726552,True
2021,12,43.1713,-92.489,0,0,0,0,0,330000.0,0.0,127.30727672291277,True
2021,12,43.3085,-92.2811,0,0,0,0,0,600000.0,0.0,104.79672497307031,True
2021,10,37.888,-99.7807,0,0,0,0,0,110000.0,0.0,21.751808846824126,True
2021,5,39.5314,-100.6375,1,0,0,0,0,0.0,0.0,93.06682225144046,True
2021,10,35.908,-99.479,-1,0,0,0,0,0.0,0.0,152.42993211759247,True
2021,8,46.2383,-84.1641,0,0,0,0,0,0.0,0.0,154.28706300989734,True
2021,5,39.0868,-101.5071,-1,0,0,0,0,0.0,0.0,35.31555668700259,True
2021,5,39.4625,-100.9398,-1,0,0,0,0,0.0,0.0,66.18716469336594,True
2021,5,40.1254,-101.5284,0,0,0,0,0,0.0,0.0,85.60737929391769,True
2021,12,35.7867,-90.5511,3,1,0,5,0,2500000.0,0.0,78.57222168660867,True
2021,12,35.998,-90.137,3,0,0,0,0,1500000.0,0.0,76.44638302105973,True
2021,12,36.284,-89.57,4,3,0,0,0,4500000.0,0.0,107.96491141692964,True
2021,12,36.363,-89.394,2,1,0,0,0,2500000.0,0.0,96.04911134673007,True
2021,12,35.4845,-90.9068,0,0,0,0,0,25000.0,0.0,94.93524971587327,True
2021,12,35.5093,-90.8431,0,0,0,0,0,10000.0,0.0,89.75370522222804,True
2021,12,35.7084,-90.733,1,0,0,0,0,125000.0,0.0,87.67851407550422,True
2021,12,35.68,-88.48,2,0,0,1,0,4000000.0,0.0,131.50623604390694,True
2021,12,36.12,-89.26,2,0,0,0,0,650000.0,0.0,102.4518767885014,True
2021,12,36.152,-89.157,3,0,0,0,0,4000000.0,0.0,107.53147892187957,True
2021,12,36.202,-88.995,2,0,0,0,0,250000.0,0.0,98.36604968196262,True
2021,12,35.308,-89.463,0,0,0,0,0,0.0,0.0,37.44868987121215,True
2021,12,35.61,-88.67,1,0,0,0,0,550000.0,0.0,112.88402335717925,True
2021,12,34.5365,-88.4622,1,0,0,0,0,125000.0,0.0,72.16306305831316,True
2021,12,36.352,-88.522,3,0,0,0,0,4000000.0,0.0,82.70952722877418,True
2021,12,36.4066,-89.2241,0,0,0,0,0,100000.0,0.0,83.8901386772863,True
2021,12,43.3203,-92.2087,0,0,0,0,0,250000.0,0.0,99.20789169461912,True
2021,10,40.5637,-79.9813,1,0,0,0,0,500000.0,100000.0,20.30938074579182,True
2021,12,35.6654,-90.5268,2,0,0,0,0,6300000.0,0.0,69.06817840533523,True
2021,12,35.8,-88.17,1,0,0,0,0,200000.0,0.0,130.92908310897238,True
2021,12,35.819,-88.028,0,0,0,0,0,20000.0,0.0,121.85150835550061,True
2021,5,38.48,-103.87,-1,0,0,0,0,0.0,0.0,156.54552469772344,True
2021,5,37.15,-103.24,-1,0,0,0,0,0.0,0.0,253.54784166904213,True
2021,5,37.0896,-103.275,-1,0,0,0,0,0.0,0.0,249.71365007710418,True
2021,12,36.214,-88.953,3,0,0,30,0,6100000.0,0.0,96.36085468442076,True
2021,12,35.927,-90.287,3,1,0,0,0,1250000.0,0.0,74.76409003867907,True
2021,10,35.565,-97.141,0,0,0,0,0,0.0,0.0,28.61210308472588,True
2021,12,36.212,-88.961,1,0,0,0,0,0.0,0.0,96.70208590871819,True
2021,12,35.638,-88.603,1,0,0,0,0,150000.0,0.0,119.54269772765291,True
2021,10,34.885,-98.725,1,0,0,0,0,30000.0,0.0,62.52838801645468,True
2021,10,35.044,-98.295,2,0,0,0,0,60000.0,0.0,97.87026361215418,True
2021,5,37.29,-104.33,-1,0,0,0,0,0.0,0.0,278.2460728556624,True
2021,8,30.3966,-88.8788,0,0,0,0,0,50000.0,0.0,68.81292028255432,True
2021,8,30.3868,-89.0565,0,0,0,0,0,50000.0,0.0,84.72561736135694,True
2021,8,30.2061,-89.5074,0,0,0,0,0,50000.0,0.0,93.11985780833652,True
2021,8,30.3973,-88.9332,0,0,0,0,0,50000.0,0.0,73.45195844119137,True
2021,5,39.9543,-100.9033,1,0,0,0,0,0.0,0.0,94.44424865756642,True
2021,7,34.5998,-111.3216,1,0,0,0,0,0.0,0.0,11.625578291993609,True
2021,5,38.16,-102.85,-1,0,0,0,0,0.0,0.0,167.17357545197203,True
2021,7,34.73,-112.45,0,0,0,0,0,0.0,0.0,115.78284332109376,True
2021,5,38.02,-103.72,-1,0,0,0,0,0.0,0.0,209.03085738621692,True
2021,8,30.2112,-89.7729,1,0,0,0,0,25000.0,0.0,69.86894578030744,True
2021,8,30.2197,-89.7942,0,0,0,0,0,100000.0,0.0,67.62261244062915,True
2021,5,36.1466,-90.5353,0,0,0,0,0,25000.0,0.0,107.32782640434807,True
2021,8,30.2955,-89.3658,0,0,0,0,0,20000.0,0.0,102.94995512151107,True
2021,8,44.2441,-94.8627,0,0,0,0,0,0.0,0.0,122.83723694309218,True
2021,5,40.2237,-101.4539,-1,0,0,0,0,0.0,0.0,97.56479936657017,True
2021,10,37.8773,-89.9425,2,0,0,0,0,3040000.0,0.0,111.89242326809564,True
2021,8,30.3971,-88.9928,0,0,0,0,0,100000.0,0.0,78.65976547152903,True
2021,8,45.3935,-95.0931,-1,0,0,0,0,0.0,0.0,134.28166455359883,True
2021,8,30.3618,-89.36,1,0,0,0,0,10000.0,0.0,101.93241076373027,True
2021,8,30.3777,-89.0646,0,0,0,0,0,100000.0,0.0,85.83627894069996,True
2021,10,39.3547,-90.3002,2,0,0,0,0,100000.0,0.0,80.0622615385453,True
2021,8,30.3081,-89.2822,0,0,0,0,0,100000.0,0.0,108.08263988880786,True
2021,5,40.474,-99.0502,0,0,0,0,0,0.0,0.0,54.25159645683121,True
2021,10,41.35,-79.05,1,0,0,0,0,150000.0,750000.0,99.64276172129047,True
2021,5,36.4123,-89.1602,1,0,0,0,0,225000.0,0.0,80.73523657218716,True
2021,5,36.317,-88.042,0,0,0,0,0,75000.0,0.0,82.17579753673111,True
2021,8,44.226,-94.8068,0,0,0,0,0,0.0,0.0,120.31480112063743,True
2021,8,44.3038,-94.641,0,0,0,0,0,0.0,0.0,104.54495494311293,True
2021,8,44.3473,-94.5857,-1,0,0,0,0,0.0,0.0,98.15724958627248,True
2021,8,30.391,-89.0061,0,0,0,0,0,100000.0,0.0,80.10056633619493,True
2021,8,45.4506,-95.003,0,0,0,0,0,0.0,0.0,131.08631517908356,True
2021,9,34.5203,-117.7595,0,0,0,0,0,0.0,0.0,66.72652106781949,True
2021,8,30.2664,-89.3864,0,0,0,0,0,250000.0,0.0,101.8946371875624,True
2021,4,30.3601,-89.6124,0,0,0,0,0,25000.0,0.0,78.25121878992103,True
2021,10,37.858,-89.98,2,0,0,0,0,0.0,0.0,111.82772286292243,True
2021,8,30.3974,-88.9737,0,0,0,0,0,150000.0,0.0,76.97232809250134,True
2021,8,43.8758,-93.5136,0,0,0,0,0,0.0,0.0,108.28024703117578,True
2021,10,37.753,-90.299,3,0,0,1,0,0.0,0.0,110.38994293930982,True
2021,8,43.8756,-93.5422,0,0,0,0,0,0.0,0.0,108.23967392546002,True
2021,8,45.5726,-94.5994,0,0,0,0,0,0.0,0.0,114.17164902367408,True
2021,8,30.3499,-88.5583,0,0,0,0,0,200000.0,0.0,47.68725829769077,True
2021,10,35.4166,-99.17,-1,0,0,0,0,0.0,0.0,118.56367560133809,True
2021,10,34.372,-99.077,1,0,0,0,0,50000.0,0.0,9.274031456993228,True
2021,10,34.591,-98.893,1,0,0,0,0,4000.0,0.0,26.573092432589426,True
2021,10,34.594,-98.888,1,0,0,0,0,1000.0,0.0,27.02687653978268,True
2021,10,35.5305,-98.9449,-1,0,0,0,0,0.0,0.0,129.9423899346271,True
2021,10,34.8165,-98.897,-1,0,0,0,0,0.0,0.0,51.04055298072157,True
2021,10,34.9,-98.619,1,0,0,0,0,40000.0,0.0,68.16948660012966,True
2021,10,35.475,-97.562,1,0,0,0,0,20000.0,0.0,30.21337451027586,True
2021,6,33.3295,-92.5861,-1,0,0,0,0,0.0,0.0,152.57731578439171,True
2021,10,34.621,-98.857,1,0,0,0,0,5000.0,0.0,30.797068923309357,True
2021,10,34.652,-98.826,0,0,0,0,0,10000.0,0.0,35.05790060109226,True
2021,10,34.9512,-98.5224,-1,0,0,0,0,0.0,0.0,77.56220478208658,True
2021,10,35.508,-97.4595,0,0,0,0,0,1000.0,0.0,25.48876468064924,True
2021,6,32.3097,-95.3769,0,0,0,0,0,5000.0,0.0,145.05696538014539,True
2021,10,35.39,-97.776,1,0,0,0,0,50000.0,0.0,45.62352682934907,True
2021,10,35.515,-98.961,1,0,0,0,0,0.0,100000.0,128.19457053303006,True
2021,10,35.061,-98.093,-1,0,0,0,0,0.0,0.0,80.01643211714305,True
2021,10,34.3388,-99.082,0,0,0,0,0,0.0,0.0,10.014133310502254,True
2021,10,34.778,-98.685,-1,0,0,0,0,0.0,0.0,53.39386128092888,True
2021,10,35.258,-97.413,1,0,0,0,0,25000.0,0.0,14.84282103101506,True
2021,10,35.055,-98.112,-1,0,0,0,0,0.0,0.0,81.86955045136385,True
2021,6,31.8077,-95.1379,0,0,0,0,0,1000.0,0.0,141.49951574409639,True
2021,6,31.8676,-94.9897,0,0,0,0,0,5000.0,0.0,126.06822684336747,True
2021,10,35.2092,-99.3973,0,0,0,0,0,0.0,0.0,101.71562670655365,True
2021,12,42.9847,-92.8534,1,0,0,0,0,490000.0,0.0,156.6322994903344,True
2021,12,43.1117,-92.925,1,0,0,0,0,1150000.0,0.0,160.7173065379792,True
2021,12,43.0974,-92.483,1,0,0,0,0,255000.0,0.0,131.82293402018874,True
2021,12,42.9073,-92.9019,1,0,0,0,0,5000.0,0.0,147.17544856036696,True
2021,12,43.2128,-92.4493,0,0,0,0,0,90000.0,0.0,122.03545520729591,True
2021,12,43.2595,-92.3979,0,0,0,0,0,90000.0,0.0,115.69007310912325,True
2021,12,42.91,-95.514,1,0,0,0,0,50000.0,0.0,123.9398123132086,True
2021,12,39.102,-89.2506,1,0,0,0,0,0.0,0.0,116.82020242467844,True
2021,12,42.366,-96.302,1,0,0,0,0,250000.0,0.0,116.40369194982318,True
2021,12,42.429,-96.182,2,0,0,0,0,500000.0,0.0,124.23090565792424,True
2021,12,42.585,-95.388,1,0,0,0,0,200000.0,0.0,155.84845810477805,True
2021,12,42.834,-95.171,2,0,0,0,0,250000.0,0.0,151.53934953480308,True
2021,12,42.505,-95.992,1,0,0,0,0,200000.0,0.0,134.46560796288537,True
2021,12,42.858,-95.541,1,0,0,0,0,250000.0,0.0,125.89024840248779,True
2021,12,42.562,-95.405,-1,0,0,0,0,0.0,0.0,156.75202190889325,True
2021,12,42.293,-95.667,1,0,0,0,0,200000.0,0.0,122.73209625259295,True
2021,12,42.526,-95.435,0,0,0,0,0,75000.0,0.0,154.6521893924805,True
2021,12,42.776,-95.388,1,0,0,0,0,100000.0,0.0,141.3044792066924,True
2021,12,43.265,-95.088,1,0,0,0,0,200000.0,0.0,137.28299113949367,True
2021,12,42.635,-95.489,1,0,0,0,0,1000000.0,0.0,146.12617475805646,True
2021,12,38.757,-90.058,3,6,0,1,0,5000000.0,0.0,54.580140139820394,True
2021,12,39.0749,-91.5897,0,0,0,0,0,25000.0,0.0,88.93761077663196,True
2021,12,34.5167,-85.9429,1,0,0,0,0,0.0,0.0,47.78106902652151,True
2021,12,38.675,-90.676,1,0,0,0,0,0.0,0.0,2.719574483409414,True
2021,12,36.58,-88.49,1,0,0,0,0,225000.0,0.0,59.818315661103256,True
2021,12,36.83,-87.22,1,0,0,0,0,150000.0,0.0,11.883635202606927,True
2021,12,37.0641,-88.5377,0,0,0,0,0,1000.0,0.0,20.78868712086306,True
2021,12,36.59,-88.53,0,0,0,0,0,4000.0,0.0,57.381463102334834,True
2021,12,36.74,-87.17,0,0,0,0,0,10000.0,0.0,10.253361074959432,True
2021,12,37.9,-88.97,1,0,0,0,0,80000.0,0.0,94.11417858680022,True
2021,12,36.62,-88.72,0,0,0,0,0,25000.0,0.0,50.06581632352454,True
2021,12,35.3945,-86.3314,0,0,0,0,0,10000.0,0.0,56.292000026370864,True
2021,7,39.5704,-74.3598,0,0,0,0,0,0.0,0.0,42.09497547785744,True
2021,12,37.257,-87.184,1,0,0,0,0,100000.0,0.0,58.55014624601664,True
2021,12,34.2875,-85.7878,1,0,0,0,0,0.0,0.0,76.4571013182011,True
2021,12,36.793,-87.309,1,0,0,0,0,100000.0,0.0,6.619747954664303,True
2021,12,36.497,-88.056,1,0,0,0,0,20000.0,0.0,73.792124613305,True
2021,7,39.7761,-74.3934,1,0,0,0,0,0.0,0.0,19.053975302125416,True
2021,7,40.345,-74.948,2,0,0,0,0,0.0,0.0,63.59756222705,True
2021,7,39.775,-74.397,1,0,0,0,0,0.0,0.0,19.154686002099897,True
2021,12,38.5821,-90.9455,3,1,0,2,0,3400000.0,0.0,26.254689925590167,True
2021,12,38.728,-90.534,0,0,0,0,0,0.0,0.0,13.307756226618201,True
2021,12,38.691,-90.636,1,0,0,0,0,0.0,0.0,4.152480989598988,True
2021,12,39.0277,-89.413,1,0,0,0,0,0.0,0.0,115.85783411361051,True
2021,12,37.272,-90.887,2,0,0,0,0,0.0,0.0,159.66806397882047,True
2021,12,38.985,-89.57,1,0,0,0,0,10000.0,0.0,101.4889126980807,True
2021,12,35.0314,-86.9644,0,0,0,0,0,20000.0,0.0,81.02537446842605,True
