YEAR,MONTH,BEGIN_LAT,BEGIN_LON,END_LAT,END_LON,TOR_F_SCALE,DEATHS_DIRECT,DEATHS_INDIRECT,INJURIES_DIRECT,INJURIES_INDIRECT,DAMAGE_PROPERTY,DAMAGE_CROPS,RADAR_DIST,RADAR_2026
2022,3,32.3733,-91.7256,32.3934,-91.7065,EF0,0,0,0,0,50000.0,0.0,163.92830179141623,True
2022,3,32.1463,-91.6868,32.2071,-91.5956,EF1,0,0,0,0,85000.0,0.0,160.84265748880605,True
2022,3,32.186,-88.8433,32.208,-88.8179,EF0,0,0,0,0,35000.0,0.0,107.84072541531646,True
2022,3,32.931,-89.512,32.9881,-89.4407,EF1,0,0,0,0,150000.0,0.0,84.84406558101897,True
2022,3,32.341,-90.117,32.3517,-90.062,EF0,0,0,0,0,30000.0,0.0,14.185109321759407,True
2022,3,31.201,-89.349,31.2249,-89.3238,EF0,0,0,0,0,10000.0,0.0,120.64681573057504,True
2022,3,32.465,-90.6,32.5034,-90.5401,EF1,0,0,0,0,10000.0,0.0,61.36065464440237,True
2022,3,32.66,-90.245,32.6597,-90.243,EF0,0,0,0,0,100.0,0.0,48.815871169276974,True
2022,3,33.0779,-89.7654,33.1131,-89.7256,EF1,0,0,0,0,0.0,25000.0,91.0611559915012,True
2022,3,32.1109,-89.4196,32.1181,-89.3951,EF0,0,0,0,0,0.0,2000.0,56.377336408117685,True
2022,7,40.0421,-84.23,40.0282,-84.2012,EF1,0,0,0,0,100000.0,0.0,77.4612251555177,True
2022,3,32.79,-89.97,32.83,-89.87,EF1,0,0,0,0,50000.0,0.0,56.72667788919787,True
2022,3,33.4021,-89.933,33.4781,-89.8715,EF0,0,0,0,0,2000.0,10000.0,124.86544562769812,True
2022,3,33.0475,-88.5701,33.1836,-88.4523,EF1,0,0,0,0,55000.0,0.0,97.0572418857225,True
2022,3,32.6016,-88.8976,32.7082,-88.8025,EF3,0,0,0,0,400000.0,75000.0,108.078949078139,True
2022,3,32.4093,-88.5061,32.4237,-88.4876,EF0,0,0,0,0,5000.0,0.0,139.62014511120927,True
2022,3,33.332,-90.17,33.377,-90.0865,EF1,0,0,0,0,10000.0,0.0,118.25665850372931,True
2022,3,32.4718,-91.8204,32.5367,-91.7201,EF1,0,0,0,0,50000.0,0.0,173.7269825519421,True
2022,3,32.3844,-88.4942,32.4112,-88.4358,EF1,0,0,0,0,75000.0,0.0,140.49547481811038,True
2022,3,32.2821,-90.2274,32.2947,-90.1793,EF1,0,0,0,0,175000.0,0.0,22.841500245987316,True
2022,3,33.351,-89.8066,33.4109,-89.7287,EF1,0,0,0,0,30000.0,0.0,120.24482485989881,True
2022,3,31.2645,-89.4659,31.2777,-89.4387,EF1,0,0,0,0,20000.0,0.0,122.1936797692001,True
2022,3,30.9197,-89.2525,30.98,-89.14,EF2,0,0,0,0,250000.0,0.0,100.35397690217421,True
2022,3,32.225,-88.705,32.269,-88.675,EF1,0,0,0,0,150000.0,0.0,120.4706090830178,True
2022,4,43.651,-92.4214,43.6835,-92.4117,EF1,0,0,0,0,650000.0,0.0,100.67074121591203,True
2022,4,43.8998,-91.9822,43.9286,-91.9335,EF0,0,0,0,0,10000.0,0.0,64.0009074871401,True
2022,4,43.9088,-91.897,43.9348,-91.8976,EF0,0,0,0,0,10000.0,0.0,57.39299719297054,True
2022,3,42.871,-89.1947,42.9175,-89.0951,EF1,0,0,0,0,50000.0,0.0,53.54495730545467,True
2022,11,33.8055,-94.9175,34.1263,-94.5078,EF4,0,0,6,0,35000000.0,0.0,172.77705163671828,True
2022,5,46.3614,-94.8706,46.3684,-94.8657,EF1,0,0,0,0,0.0,0.0,196.44489079932987,True
2022,3,32.487,-91.028,32.513,-91.005,EF1,0,0,0,0,10000.0,0.0,100.65924726748116,True
2022,3,32.7443,-90.403,32.8973,-90.1819,EF1,0,0,0,0,110000.0,0.0,64.85290503579789,True
2022,3,32.1673,-90.3886,32.2028,-90.2868,EF1,0,0,0,0,45000.0,0.0,40.03021272833537,True
2022,5,34.7719,-99.8204,34.7719,-99.8204,EFU,0,0,0,0,0.0,0.0,89.68858994066123,True
2022,6,41.85,-98.1,41.85,-98.1,EFU,0,0,0,0,0.0,0.0,155.71752162235347,True
2022,5,34.6766,-99.9267,34.6766,-99.9267,EF0,0,0,0,0,0.0,0.0,93.79839482264559,True
2022,5,34.531,-99.11,34.518,-99.103,EF1,0,0,0,0,6000.0,0.0,22.40180371847118,True
2022,5,34.917,-98.199,34.912,-98.194,EF0,0,0,0,0,100000.0,0.0,94.16624574993767,True
2022,5,36.001,-96.968,36.013,-96.852,EF1,0,0,0,0,50000.0,0.0,79.36868179721147,True
2022,5,35.2,-96.762,35.212,-96.654,EF1,0,0,0,0,150000.0,0.0,49.10542194532134,True
2022,5,36.364,-97.087,36.371,-97.063,EFU,0,0,0,0,0.0,0.0,101.94903372593245,True
2022,10,31.9825,-82.8483,31.9854,-82.8428,EF0,0,0,0,0,0.0,0.0,90.33879973328247,True
2022,10,30.652,-92.8043,30.6557,-92.7982,EF2,0,0,0,0,150000.0,0.0,58.30494575745957,True
2022,10,30.797,-97.6742,30.7883,-97.61,EF1,0,0,0,0,500000.0,0.0,29.07965679279004,True
2022,10,27.59,-97.47,27.5916,-97.4675,EFU,0,0,0,0,0.0,0.0,21.93011824662726,True
2022,10,43.1017,-88.3812,43.1011,-88.3691,EF0,0,0,0,0,0.0,0.0,20.278939339682257,True
2022,10,43.0062,-88.0434,42.991,-87.9863,EF0,0,0,0,0,0.0,0.0,41.47227813782553,True
2022,10,42.5956,-88.377,42.5741,-88.3391,EF0,0,0,0,0,0.0,0.0,43.74005808143624,True
2022,10,42.6596,-88.2872,42.6358,-88.216,EF0,0,0,0,0,0.0,0.0,40.44330041968968,True
2022,10,43.1746,-88.8006,43.1719,-88.7919,EF0,0,0,0,0,0.0,0.0,30.6834047340625,True
2022,10,43.0757,-88.8178,43.074,-88.8093,EF0,0,0,0,0,0.0,0.0,24.820181595896678,True
2022,10,42.9654,-88.5854,42.96,-88.5717,EF0,0,0,0,0,0.0,0.0,2.847860547032275,True
2022,4,32.5619,-91.9872,32.5985,-91.9812,EF1,0,0,1,0,50000.0,0.0,174.29700600643093,True
2022,10,30.7768,-85.7261,30.7776,-85.7072,EF0,0,0,0,0,20000.0,0.0,30.071769770495102,True
2022,1,29.7986,-84.6027,29.8282,-84.5745,EF1,0,0,0,0,75000.0,0.0,71.61384076208893,True
2022,1,26.8299,-82.2635,26.8412,-82.2542,EF1,0,0,0,0,500000.0,0.0,98.2937304043945,True
2022,1,34.9969,-87.1023,35.0459,-86.9145,EF1,0,0,0,0,50000.0,0.0,93.12136387524102,True
2022,1,26.4817,-81.986,26.5616,-81.9159,EF2,0,0,0,0,10000000.0,0.0,142.1484268748844,True
2022,1,26.9185,-82.2206,26.9262,-82.2187,EF1,0,0,0,0,150000.0,0.0,89.30049456755417,True
2022,1,26.62,-82.0,26.625,-81.995,EF0,0,0,0,0,0.0,0.0,127.05888590036894,True
2022,1,36.85,-87.4601,36.8457,-87.48,EF2,0,0,0,0,600000.0,0.0,20.049004515392383,True
2022,1,31.894,-86.085,31.897,-86.08,EF0,0,0,0,0,0.0,0.0,76.34005406754491,True
2022,1,36.6975,-87.0981,36.7108,-87.0585,EF0,0,0,0,0,3000.0,0.0,17.21787879505466,True
2022,5,35.186,-96.736,35.316,-96.6,EF2,0,0,0,0,300000.0,0.0,51.83502503722753,True
2022,6,39.0981,-96.4743,39.0981,-96.4743,EFU,0,0,0,0,0.0,0.0,23.71879417489918,True
2022,6,39.1971,-96.5765,39.1947,-96.5714,EF2,0,0,0,0,10000000.0,0.0,37.10338530268347,True
2022,4,32.6792,-93.8091,32.698,-93.785,EF1,0,0,0,0,75000.0,0.0,25.57158401575957,True
2022,6,39.44,-96.558,39.278,-96.579,EF1,0,0,0,0,0.0,0.0,56.68747968274674,True
2022,5,45.7591,-95.3759,45.9723,-95.1928,EF2,0,0,0,0,0.0,0.0,174.034903164819,True
2022,4,32.0117,-92.4006,32.048,-92.312,EF2,0,0,0,0,0.0,0.0,109.7166308320642,True
2022,4,32.048,-92.312,32.1195,-92.107,EF2,0,0,0,0,250000.0,0.0,117.49995485524067,True
2022,5,34.7527,-100.0,34.75,-99.993,EF0,0,0,0,0,0.0,0.0,103.28344832606531,True
2022,5,33.943,-99.707,33.937,-99.691,EFU,0,0,0,0,0.0,0.0,81.78698250522581,True
2022,10,35.144,-96.933,35.144,-96.933,EF0,0,0,0,0,0.0,0.0,37.712175551487356,True
2022,5,33.8355,-100.0159,33.844,-100.006,EFU,0,0,0,0,0.0,0.0,112.18879282897798,True
2022,4,32.442,-93.68,32.515,-93.5419,EF1,0,0,0,0,275000.0,0.0,15.162049884677648,True
2022,4,32.2493,-93.2595,32.3229,-93.0837,EF1,0,0,0,0,50000.0,0.0,59.062940788122965,True
2022,4,32.8992,-93.8991,32.9131,-93.8858,EF0,0,0,0,0,0.0,0.0,50.149732295451045,True
2022,10,35.391,-97.841,35.399,-97.791,EF0,0,0,0,0,5000.0,0.0,51.48072471590835,True
2022,2,33.595,-87.541,33.605,-87.525,EF0,0,0,0,0,0.0,0.0,80.2360033316607,True
2022,2,33.4284,-86.6744,33.468,-86.618,EF1,0,0,0,0,0.0,0.0,29.86134668115146,True
2022,2,33.468,-86.618,33.549,-86.517,EF1,0,0,0,0,0.0,0.0,35.81176180766506,True
2022,2,32.3565,-88.3857,32.5009,-88.1832,EF2,0,0,0,0,0.0,0.0,150.4727182580871,True
2022,2,32.6331,-87.9639,32.71,-87.828,EF0,0,0,0,0,0.0,0.0,126.56627618349667,True
2022,2,32.71,-87.828,32.8585,-87.6089,EF2,1,0,8,0,0.0,0.0,111.31538878576245,True
2022,2,32.9317,-87.4539,32.97,-87.421,EF2,0,0,0,0,0.0,0.0,69.13556450955997,True
2022,2,32.97,-87.421,33.004,-87.408,EF2,0,0,0,0,0.0,0.0,64.70766537511567,True
2022,2,33.645,-87.0,33.686,-86.937,EF1,0,0,0,0,0.0,0.0,56.77888287690486,True
2022,2,33.004,-87.408,33.0309,-87.405,EF0,0,0,0,0,0.0,0.0,62.32710070514578,True
2022,2,32.6449,-86.3553,32.6659,-86.3292,EF0,0,0,0,0,0.0,0.0,54.3343876934438,True
2022,2,33.549,-86.517,33.551,-86.512,EF0,0,0,0,0,0.0,0.0,48.04959902809624,True
2022,2,33.605,-87.525,33.628,-87.498,EF1,0,0,0,0,0.0,0.0,81.12678145998255,True
2022,2,36.5285,-89.0568,36.5384,-89.055,EF0,0,0,0,0,50000.0,0.0,65.16491869890022,True
2022,2,32.6722,-85.9251,32.6743,-85.9228,EF0,0,0,0,0,0.0,0.0,19.69661386716561,True
2022,5,46.3581,-95.0453,46.3688,-95.0426,EF1,0,0,0,0,0.0,0.0,203.49796992103992,True
2022,5,45.0059,-96.1859,45.0177,-96.1788,EF1,0,0,0,0,0.0,0.0,163.50169351730776,True
2022,5,45.1481,-96.1252,45.163,-96.1183,EF1,0,0,0,0,0.0,0.0,180.01284161756078,True
2022,5,45.3534,-95.2893,45.3812,-95.2756,EF0,0,0,0,0,0.0,0.0,146.4614671935627,True
2022,1,30.0425,-94.9065,30.0425,-94.9065,EF0,0,0,0,0,0.0,0.0,65.5892929339063,True
2022,1,31.4132,-93.3238,31.4535,-93.2862,EF2,0,0,6,0,1500000.0,0.0,43.77181539924909,True
2022,1,30.3912,-95.6873,30.398,-95.6874,EF0,0,0,0,0,50000.0,0.0,117.83725626927756,True
2022,1,29.7911,-95.5288,29.813,-95.5262,EF0,0,0,0,0,70000.0,0.0,56.12936176629459,True
2022,5,46.1046,-94.9627,46.1467,-94.9309,EF1,0,0,0,0,0.0,0.0,177.09218279208673,True
2022,5,46.1159,-94.6098,46.1448,-94.5667,EF0,0,0,0,0,0.0,0.0,162.71438546574294,True
2022,5,46.1664,-94.5196,46.2153,-94.4941,EF1,0,0,0,0,750000.0,0.0,164.28434346525145,True
2022,1,36.943,-86.445,36.944,-86.438,EF0,0,0,0,0,0.0,0.0,78.07507196039855,True
2022,1,37.827,-84.101,37.835,-84.084,EF1,0,0,0,0,40000.0,10000.0,74.12308357343424,True
2022,1,31.3286,-93.4226,31.3309,-93.4195,EF1,0,0,0,0,11000.0,0.0,46.64263309272705,True
2022,1,30.0249,-95.2359,30.0548,-95.2231,EF1,0,0,0,0,200000.0,0.0,63.32738504557089,True
2022,2,35.7138,-90.7422,35.7285,-90.6956,EF0,0,0,0,0,0.0,0.0,88.69193367720878,True
2022,1,30.7388,-86.1598,30.7404,-86.1587,EF0,0,0,0,0,50000.0,0.0,29.871207315878227,True
2022,1,26.02,-81.767,26.16,-81.59,EF0,0,0,1,0,20000.0,0.0,142.96963844834687,True
2022,1,25.86,-81.41,25.91,-81.34,EF0,0,0,0,0,0.0,0.0,103.64031468917153,True
2022,5,34.572,-80.983,34.578,-80.98,EF0,0,0,0,0,0.0,0.0,70.43030947349996,True
2022,5,42.5392,-89.1377,42.583,-89.1041,EF0,0,0,0,0,40000.0,0.0,67.5955649680727,True
2022,5,35.072,-81.945,35.12,-81.873,EF1,0,0,0,0,40000.0,0.0,32.66891884442942,True
2022,5,35.246,-80.714,35.289,-80.674,EF1,0,0,0,0,20000.0,0.0,142.85999600022606,True
2022,5,35.289,-80.674,35.346,-80.593,EF1,0,0,0,0,10000.0,0.0,147.7095972396569,True
2022,5,37.2036,-99.544,37.2024,-99.5133,EF0,0,0,0,0,0.0,0.0,72.42022617016539,True
2022,5,38.64,-89.012,38.64,-89.01,EFU,0,0,0,0,0.0,0.0,119.80387697784053,True
2022,5,37.1024,-99.3483,37.1028,-99.3389,EF0,0,0,0,0,0.0,0.0,91.44818233964081,True
2022,5,44.6748,-93.8888,44.7044,-93.856,EF0,0,0,0,0,0.0,0.0,32.03359777409914,True
2022,5,35.308,-81.645,35.311,-81.643,EF0,0,0,0,0,0.0,0.0,70.46371147714098,True
2022,5,44.2215,-94.4585,44.243,-94.4509,EF0,0,0,0,0,0.0,0.0,99.378730442599,True
2022,5,44.6386,-93.9182,44.6748,-93.8888,EF0,0,0,0,0,0.0,0.0,36.366895292845285,True
2022,5,35.377,-81.636,35.377,-81.636,EF0,0,0,0,0,0.0,0.0,76.37125854834542,True
2022,5,35.951,-80.946,36.025,-80.891,EF2,0,0,1,0,30000.0,0.0,133.59183066023212,True
2022,5,38.378,-91.224,38.395,-91.233,EF1,0,0,0,0,30000.0,0.0,59.06774343963318,True
2022,5,37.17,-96.82,37.1702,-96.8197,EFU,0,0,0,0,0.0,0.0,77.00461280212225,True
2022,5,36.0871,-79.2441,36.1248,-79.2009,EF1,0,0,0,0,250000.0,0.0,82.561729960704,True
2022,5,38.505,-90.5753,38.507,-90.575,EF0,0,0,0,0,0.0,0.0,23.494352239515056,True
2022,5,34.36,-91.53,34.3624,-91.5081,EF2,0,0,0,0,50000.0,0.0,85.40588072440973,True
2022,5,30.46,-81.65,30.46,-81.65,EF0,0,0,0,0,0.0,0.0,5.678048775335512,True
2022,5,45.1844,-93.272,45.2193,-93.2299,EF0,0,0,0,0,0.0,0.0,43.865673445029564,True
2022,3,35.7242,-90.9893,35.7534,-90.9641,EF0,0,0,0,0,0.0,0.0,109.44113425635048,True
2022,3,32.3415,-88.5384,32.4254,-88.4766,EF1,0,0,0,0,50000.0,0.0,136.0664544222949,True
2022,5,34.939,-82.738,34.944,-82.731,EF1,0,0,0,0,10000.0,0.0,47.6531426077515,True
2022,5,44.6497,-92.8613,44.7018,-92.7711,EF0,0,0,0,0,0.0,0.0,59.85996090749458,True
2022,5,35.452,-83.447,35.457,-83.442,EF1,0,0,0,0,30000.0,0.0,79.75582998557834,True
2022,3,41.6757,-90.0558,41.6984,-89.985,EF1,0,0,0,0,0.0,0.0,44.20464267155525,True
2022,4,37.0107,-87.5425,37.0115,-87.5401,EF0,0,0,0,0,0.0,0.0,38.12101558656424,True
2022,4,31.1932,-85.3078,31.1929,-85.3067,EF0,0,0,0,0,50000.0,0.0,33.030980782077414,True
2022,3,33.196,-87.021,33.2109,-87.004,EF0,0,0,0,0,0.0,0.0,23.53689912835528,True
2022,3,30.5204,-88.8202,30.5461,-88.7903,EF1,0,0,0,0,250000.0,0.0,58.30442237538294,True
2022,4,36.6,-88.87,36.599,-88.822,EF0,0,0,0,0,45000.0,0.0,52.802107330471145,True
2022,4,36.77,-88.64,36.792,-88.592,EF1,0,0,0,0,60000.0,0.0,35.18534483537327,True
2022,4,36.91,-88.31,36.92,-88.3,EF0,0,0,0,0,10000.0,0.0,44.64582058954215,True
2022,4,31.1445,-85.5518,31.1419,-85.4855,EF0,0,0,0,0,75000.0,0.0,36.22350330173114,True
2022,4,31.1419,-85.4855,31.1316,-85.4376,EF0,0,0,0,0,75000.0,0.0,35.519064308406584,True
2022,4,35.332,-97.748,35.332,-97.748,EFU,0,0,0,0,0.0,0.0,42.65831681902139,True
2022,3,32.98,-87.63,33.0045,-87.5943,EF0,0,0,0,0,0.0,0.0,82.94947564023776,True
2022,3,32.5479,-88.2675,32.6004,-88.1957,EF1,0,0,0,0,0.0,0.0,150.11277859621035,True
2022,4,27.55,-81.6998,27.55,-81.6957,EF0,0,0,0,0,20000.0,0.0,71.2943619172558,True
2022,4,36.88,-88.06,36.9,-88.035,EF1,0,0,0,0,10000.0,0.0,66.62139140786236,True
2022,4,36.9,-88.035,36.93,-88.0,EF1,0,0,0,0,2000.0,0.0,68.08033954390994,True
2022,4,36.91,-88.29,36.92,-88.29,EF0,0,0,0,0,8000.0,0.0,46.283508700013655,True
2022,3,33.0045,-87.5943,33.01,-87.59,EF0,0,0,0,0,0.0,0.0,79.04376625136392,True
2022,3,33.1858,-87.0408,33.196,-87.021,EF0,0,0,0,0,0.0,0.0,25.275460595753152,True
2022,4,37.13,-87.57,37.14,-87.56,EF0,0,0,0,0,2000.0,0.0,50.5438192429276,True
2022,3,30.6894,-88.4184,30.7013,-88.4109,EF0,0,0,0,0,0.0,0.0,17.122421738454264,True
2022,4,26.5285,-81.894,26.5295,-81.8929,EF0,0,0,0,0,25000.0,0.0,140.17507780942938,True
2022,4,37.7626,-89.9291,37.764,-89.9284,EF0,0,0,0,0,30000.0,0.0,123.1752485511875,True
2022,4,34.94,-92.229,34.932,-92.215,EF1,0,0,0,0,0.0,2000.0,11.907293227277405,True
2022,3,30.2617,-89.957,30.4782,-89.8802,EF1,0,0,0,0,5000.0,0.0,51.85241461914628,True
2022,12,27.7744,-82.7345,27.782,-82.705,EF1,0,0,2,0,500000.0,0.0,33.619562321009376,True
2022,3,29.914,-90.0257,29.9473,-90.0063,EF0,0,0,0,0,1000000.0,0.0,76.67951764359775,True
2022,4,35.36,-93.51,35.395,-93.468,EF1,0,0,0,0,85000.0,0.0,77.67049893459844,True
2022,6,47.4758,-95.1275,47.5276,-95.1125,EF1,0,0,0,0,15000.0,0.0,165.17092651227668,True
2022,4,34.9551,-92.3488,34.939,-92.229,EF1,0,0,0,0,0.0,5000.0,15.395526300515549,True
2022,4,32.4656,-85.8051,32.5099,-85.7551,EF1,0,0,0,0,0.0,0.0,8.029380812693176,True
2022,4,31.9833,-86.0358,31.991,-85.996,EF0,0,0,0,0,0.0,0.0,65.73462718868753,True
2022,3,30.7557,-90.5106,30.8178,-90.4378,EF1,0,0,0,0,250000.0,0.0,28.048370365369152,True
2022,3,42.1106,-92.1864,42.2184,-91.9553,EF1,0,0,0,0,0.0,0.0,133.9393584727818,True
2022,3,41.5355,-90.7032,41.5695,-90.6385,EF1,0,0,0,0,0.0,0.0,13.24149958805513,True
2022,3,32.6906,-87.9379,32.696,-87.9242,EF0,0,0,0,0,0.0,0.0,121.45255153682255,True
2022,3,32.7238,-87.9136,32.7478,-87.867,EF0,0,0,0,0,0.0,0.0,117.79459904280145,True
2022,4,35.28,-94.038,35.296,-94.001,EF1,0,0,0,0,25000.0,0.0,29.420366498776357,True
2022,4,34.816,-95.011,34.817,-94.998,EFU,0,0,0,0,0.0,0.0,79.20847071279067,True
2022,4,32.698,-93.785,32.7183,-93.7515,EF1,0,0,0,0,115000.0,0.0,27.98471730215046,True
2022,4,31.2568,-84.9327,31.2565,-84.8119,EF1,0,0,0,0,50000.0,0.0,54.90199604513379,True
2022,4,31.296,-84.9101,31.3188,-84.8308,EF1,0,0,0,0,0.0,0.0,55.261426775307186,True
2022,4,31.38,-84.33,31.3845,-84.3206,EF0,0,0,0,0,0.0,0.0,107.5400333895488,True
2022,4,39.6236,-89.2993,39.6283,-89.2837,EF1,0,0,0,0,0.0,0.0,58.67474683350834,True
2022,4,31.991,-85.996,32.0056,-85.9095,EF0,0,0,0,0,0.0,0.0,63.69630665404925,True
2022,4,32.8765,-85.53,32.8803,-85.524,EF0,0,0,0,0,0.0,0.0,44.93096872444613,True
2022,4,31.896,-86.1267,31.967,-86.07,EF1,0,0,0,0,0.0,0.0,77.97013816474029,True
2022,4,31.8932,-84.0132,31.9123,-83.9675,EF1,0,0,0,0,100000.0,0.0,106.9143760879338,True
2022,4,31.3122,-83.797,31.3312,-83.6781,EFU,0,0,0,0,0.0,0.0,89.06957892286104,True
2022,4,31.3312,-83.6781,31.3419,-83.6537,EFU,0,0,0,0,0.0,0.0,80.92730939679114,True
2022,3,33.5094,-87.3777,33.5221,-87.371,EF0,0,0,0,0,0.0,0.0,67.80671569289089,True
2022,4,30.8135,-83.9951,30.8179,-83.9677,EF1,0,0,0,0,100000.0,0.0,56.216652587966294,True
2022,4,31.7962,-83.4726,31.7967,-83.4684,EF1,0,0,0,0,100000.0,0.0,98.3828054430465,True
2022,4,32.0402,-85.8342,32.0445,-85.8079,EF1,0,0,0,0,0.0,0.0,55.35951534325741,True
2022,4,31.967,-86.07,32.0474,-86.0047,EF2,0,0,0,0,0.0,0.0,68.60489495197726,True
2022,4,32.6498,-85.8352,32.6678,-85.8144,EF0,0,0,0,0,0.0,0.0,13.28371716817783,True
2022,4,31.3419,-83.6537,31.34,-83.6219,EFU,0,0,0,0,0.0,0.0,79.83204465340904,True
2022,4,31.1497,-85.5123,31.1472,-85.511,EF1,0,0,0,0,3000.0,3000.0,34.928688252872846,True
2022,3,29.9871,-89.9841,30.0292,-89.9604,EF0,0,0,0,0,500000.0,0.0,71.82653614735618,True
2022,4,40.5399,-88.6605,40.544,-88.6583,EFU,0,0,0,0,0.0,0.0,71.83173104193752,True
2022,4,34.4541,-92.5564,34.4523,-92.5508,EF0,0,0,0,0,0.0,5000.0,50.323761077342354,True
2022,4,34.9509,-91.5458,34.9488,-91.5414,EF0,0,0,0,0,50000.0,0.0,66.54428454324288,True
2022,4,31.3206,-84.1347,31.2987,-83.9999,EF1,0,0,0,0,100000.0,0.0,104.30530617820428,True
2022,4,30.6943,-83.5056,30.7045,-83.4524,EF0,0,0,0,0,0.0,0.0,52.82648206502623,True
2022,4,30.7045,-83.4524,30.7613,-83.3374,EF0,0,0,0,0,0.0,0.0,47.73926050459493,True
2022,4,41.3081,-81.9736,41.3089,-81.9725,EF0,0,0,0,0,20000.0,0.0,15.035796708064911,True
2022,4,31.9176,-85.1598,31.9275,-85.1364,EF1,0,0,0,0,0.0,0.0,58.191832541089056,True
2022,4,42.8975,-78.2628,42.8991,-78.2485,EF0,0,0,0,0,25000.0,0.0,39.022500707082216,True
2022,4,33.7813,-93.3883,33.7827,-93.3849,EF0,0,0,0,0,0.0,0.0,153.8374779545883,True
2022,3,31.844,-85.4744,31.9059,-85.337,EF1,0,0,0,0,0.0,0.0,42.66139060307831,True
2022,4,33.9006,-79.2954,33.9472,-79.2337,EF0,0,0,0,0,0.0,0.0,80.51016313006923,True
2022,4,30.8722,-83.7478,30.8822,-83.7396,EF1,0,0,0,0,50000.0,0.0,71.2198623095929,True
2022,4,30.8822,-83.7396,30.9288,-83.6334,EF1,0,0,0,0,10000.0,0.0,70.41102572572497,True
2022,4,32.4197,-93.7138,32.442,-93.68,EF0,0,0,0,0,70000.0,0.0,12.450870446734948,True
2022,4,39.2185,-85.4947,39.2199,-85.4939,EF0,0,0,0,0,15000.0,0.0,86.6271623517676,True
2022,3,30.3204,-90.0182,30.34,-90.0,EF0,0,0,0,0,0.0,0.0,43.39767531457454,True
2022,3,33.2126,-87.9089,33.275,-87.838,EF1,0,0,0,0,0.0,0.0,85.47940345751411,True
2022,4,31.394,-85.4025,31.3817,-85.3577,EF0,0,0,0,0,0.0,0.0,9.15900079524761,True
2022,4,32.8184,-87.902,32.843,-87.833,EF1,0,0,0,0,0.0,0.0,112.67690096766178,True
2022,4,32.951,-87.444,32.9597,-87.4398,EF0,0,0,0,0,0.0,0.0,67.46843702613548,True
2022,3,33.275,-87.838,33.3938,-87.7207,EF0,0,0,0,0,0.0,0.0,82.77890762037315,True
2022,4,46.61,-98.47,46.6148,-98.4723,EFU,0,0,0,0,0.0,0.0,128.41311621090912,True
2022,4,32.5183,-86.2036,32.5399,-86.1344,EF2,0,0,0,0,0.0,0.0,38.85287794118875,True
2022,4,32.5728,-86.0225,32.6103,-85.9444,EF0,0,0,0,0,0.0,0.0,22.181661382372194,True
2022,4,32.843,-87.833,32.9356,-87.6329,EF1,0,0,0,0,0.0,0.0,105.67954924094411,True
2022,4,33.5018,-87.566,33.523,-87.479,EF0,0,0,0,0,0.0,0.0,82.56679467529914,True
2022,5,45.6663,-95.5279,45.6938,-95.5218,EF0,0,0,0,0,0.0,0.0,178.47062778301864,True
2022,5,45.7447,-94.9528,45.7637,-94.947,EF0,0,0,0,0,0.0,0.0,147.29425596033485,True
2022,4,39.0736,-101.1165,39.1328,-101.0752,EFU,0,0,0,0,0.0,0.0,59.94059631267616,True
2022,4,35.8938,-90.5171,35.9293,-90.432,EF1,0,0,0,0,75000.0,0.0,84.34341686533473,True
2022,5,37.9636,-77.9989,37.9733,-77.9531,EF1,0,0,0,0,100000.0,0.0,121.06766263274977,True
2022,5,32.9084,-93.931,32.9179,-93.907,EF1,0,0,0,0,50000.0,0.0,51.56834558036907,True
2022,3,33.8407,-96.8192,33.8695,-96.7966,EF2,1,0,11,0,0.0,0.0,148.0011706643622,True
2022,3,32.8473,-97.0919,32.853,-97.0843,EF0,0,0,0,0,20000.0,0.0,36.36522211425741,True
2022,5,45.2212,-95.8281,45.4123,-95.7808,EF1,0,0,0,0,0.0,0.0,182.54005111050031,True
2022,4,43.2796,-93.0667,43.2891,-93.0469,EF1,0,0,0,0,50000.0,0.0,162.76897011925914,True
2022,4,39.1328,-101.0759,39.2043,-101.0286,EFU,0,0,0,0,0.0,0.0,59.735591182537284,True
2022,4,26.8307,-80.1042,26.823,-80.1067,EF0,0,0,0,0,153000.0,0.0,139.1282850417909,True
2022,3,32.2915,-87.3469,32.317,-87.3108,EF0,0,0,0,0,0.0,0.0,111.79948901188668,True
2022,3,32.4512,-87.6053,32.4611,-87.5925,EF1,0,0,0,0,0.0,0.0,111.89497626806879,True
2022,5,35.91,-93.38,35.9247,-93.3758,EF0,0,0,0,0,0.0,0.0,112.37059784051216,True
2022,5,32.1763,-94.7395,32.2396,-94.6142,EF2,0,0,1,0,100000.0,0.0,89.7634100594659,True
2022,5,37.8095,-77.796,37.824,-77.76,EF0,0,0,0,0,15000.0,0.0,115.23753831657557,True
2022,5,33.6786,-95.2362,33.769,-95.1662,EF1,0,0,0,0,5000000.0,0.0,188.5062390229246,True
2022,5,43.3086,-72.3878,43.3659,-72.3362,EF1,0,0,0,0,6000.0,0.0,147.54157736751665,True
2022,4,35.9973,-90.1807,36.0382,-90.1139,EF0,0,0,0,0,260000.0,0.0,77.6940998757155,True
2022,5,45.4123,-95.7808,45.4468,-95.7475,EF1,0,0,0,0,0.0,0.0,184.7227720191237,True
2022,4,41.8472,-93.8058,41.8635,-93.7884,EF1,0,0,0,0,25000.0,0.0,14.627245077722737,True
2022,5,34.4608,-93.2497,34.462,-93.2486,EFU,0,0,0,0,0.0,0.0,99.53927585339325,True
2022,3,32.513,-91.005,32.5537,-90.9692,EF1,0,0,0,0,10000.0,0.0,99.25967146441668,True
2022,5,37.824,-77.76,37.9165,-77.646,EF0,0,0,0,0,25000.0,0.0,114.64977565600219,True
2022,5,35.8909,-95.0241,35.8909,-95.0241,EFU,0,0,0,0,0.0,0.0,57.93052943742913,True
2022,5,44.9192,-91.8256,44.9795,-91.6556,EF1,0,0,0,0,0.0,0.0,131.93586016646418,True
2022,5,45.1517,-95.9186,45.1706,-95.9136,EF1,0,0,0,0,0.0,0.0,185.4420748986318,True
2022,9,34.96,-110.33,34.96,-110.33,EF0,0,0,0,0,0.0,0.0,90.17526188660266,True
2022,5,46.0119,-92.9299,46.0597,-92.9342,EF1,0,0,0,0,0.0,0.0,107.06624577304902,True
2022,4,32.694,-92.519,32.6888,-92.4537,EF1,0,0,0,0,10000.0,0.0,126.8159839796177,True
2022,5,44.9743,-84.8794,44.9883,-84.8497,EF1,0,0,0,0,175000.0,0.0,14.67789115499658,True
2022,5,32.2408,-94.5904,32.249,-94.5566,EF1,0,0,0,0,0.0,0.0,74.15065235331451,True
2022,3,31.0641,-96.9967,31.0641,-96.9967,EF0,0,0,0,0,1000.0,0.0,52.98091914849399,True
2022,3,33.3686,-96.3091,33.3914,-96.2599,EF1,0,0,0,0,100000.0,0.0,128.1770229388816,True
2022,4,32.6958,-92.5409,32.694,-92.519,EF0,0,0,0,0,0.0,0.0,124.85415351760624,True
2022,3,32.5475,-87.2944,32.6154,-87.2309,EF2,0,0,0,0,0.0,0.0,84.98706716540586,True
2022,5,32.249,-94.5566,32.2716,-94.4534,EF1,0,0,0,0,0.0,0.0,70.84712573292086,True
2022,4,37.78,-96.89,37.78,-96.8865,EFU,0,0,0,0,0.0,0.0,50.60984763343994,True
2022,4,39.1473,-100.5375,39.217,-100.4238,EF1,0,0,0,0,0.0,0.0,103.04933169692808,True
2022,3,32.9285,-87.7809,32.9353,-87.7626,EF1,0,0,0,0,0.0,0.0,98.05473141574959,True
2022,3,33.2447,-87.4525,33.2912,-87.416,EF1,0,0,0,0,0.0,0.0,64.0355400611677,True
2022,5,31.9814,-94.712,31.9948,-94.6568,EF1,0,0,0,0,175000.0,0.0,97.13388983102703,True
2022,3,30.9303,-97.1243,30.977,-97.081,EF1,0,0,0,0,30000.0,0.0,33.872443009962716,True
2022,4,41.8635,-93.7884,41.9388,-93.6981,EF0,0,0,0,0,1500.0,0.0,15.693003751678383,True
2022,4,41.9388,-93.6981,41.9465,-93.6897,EF0,0,0,0,0,1000.0,0.0,23.18603256704891,True
2022,4,41.8534,-93.758,41.8634,-93.7521,EFU,0,0,0,0,0.0,0.0,13.907848579402678,True
2022,5,36.07,-80.87,36.09,-80.85,EF1,0,0,0,0,15000.0,0.0,118.69972907258476,True
2022,3,32.447,-91.076,32.487,-91.028,EF1,0,0,0,0,50000.0,0.0,104.19033768594963,True
2022,5,32.7277,-89.5625,32.7551,-89.5341,EF0,0,0,0,0,50000.0,0.0,63.59227827563476,True
2022,4,35.9719,-90.2253,35.9973,-90.1807,EF0,0,0,0,0,110000.0,0.0,76.64680394553295,True
2022,4,41.8634,-93.7521,41.9043,-93.7236,EFU,0,0,0,0,0.0,0.0,14.909575234419362,True
2022,4,41.8077,-93.7029,41.8392,-93.682,EF0,0,0,0,0,1000.0,0.0,8.6767352943182,True
2022,5,47.229,-93.6597,47.2442,-93.6617,EF0,0,0,0,0,0.0,0.0,118.2208814804122,True
2022,5,46.56,-94.72,46.62,-94.68,EF1,0,0,0,0,0.0,0.0,193.89105215803733,True
2022,5,43.8881,-90.7469,43.8888,-90.7414,EF0,0,0,0,0,90000.0,0.0,36.349877218759985,True
2022,5,32.8835,-89.2879,32.9072,-89.2592,EF0,0,0,0,0,10000.0,0.0,93.60820915917334,True
2022,4,37.79,-96.72,37.83,-96.58,EF1,0,0,0,0,0.0,0.0,65.3567027655296,True
2022,4,35.6823,-90.2637,35.7007,-90.2391,EF0,0,0,0,0,50000.0,0.0,51.5501211561158,True
2022,5,36.3,-80.59,36.33,-80.56,EF1,0,0,0,0,11000.0,0.0,85.30872237811678,True
2022,5,39.9545,-100.2829,39.9577,-100.2485,EFU,0,0,0,0,0.0,0.0,137.79945023027204,True
2022,4,42.9334,-93.8167,42.9445,-93.7879,EF0,0,0,0,0,20000.0,0.0,133.9120318374293,True
2022,4,43.1113,-93.2045,43.156,-93.1399,EF1,0,0,0,0,125000.0,0.0,159.25920309677193,True
2022,5,39.1297,-100.3664,39.1273,-100.3564,EFU,0,0,0,0,0.0,0.0,117.84948485164199,True
2022,5,47.33,-93.79,47.37,-93.81,EF1,0,0,0,0,0.0,0.0,131.612908882343,True
2022,3,33.0042,-96.913,33.0153,-96.8839,EF0,0,0,0,0,20000.0,0.0,60.260744715552015,True
2022,5,45.2994,-95.9205,45.4028,-95.9075,EF1,0,0,0,0,0.0,0.0,191.581626988827,True
2022,5,35.351,-96.441,35.443,-96.342,EF1,0,0,0,0,20000.0,0.0,75.92192173848768,True
2022,5,35.39,-96.344,35.395,-96.341,EF1,0,0,0,0,15000.0,0.0,84.90981931338939,True
2022,5,44.9504,-92.0619,44.9529,-92.0474,EF0,0,0,0,0,0.0,0.0,118.96658927879204,True
2022,4,42.7158,-94.3539,42.7463,-94.3028,EF1,0,0,0,0,100000.0,0.0,121.19707372247325,True
2022,4,38.8851,-101.7555,38.9242,-101.733,EF1,0,0,0,0,0.0,0.0,53.78955777375971,True
2022,5,37.3776,-79.3655,37.46,-79.32,EF2,0,0,3,0,925000.0,0.0,89.56191508116535,True
2022,5,40.73,-102.99,40.73,-102.99,EF0,0,0,0,0,0.0,0.0,159.59179118264848,True
2022,5,35.072,-95.564,35.073,-95.521,EF1,0,0,0,0,30000.0,0.0,111.91869078773378,True
2022,3,32.7874,-97.403,32.792,-97.3813,EF0,0,0,0,0,0.0,0.0,25.63089462077116,True
2022,3,30.8611,-97.6004,30.8777,-97.5814,EF0,0,0,0,0,0.0,0.0,25.933602079845517,True
2022,5,45.4468,-95.7475,45.4716,-95.7239,EF1,0,0,0,0,0.0,0.0,183.57307032748113,True
2022,5,45.6047,-95.6081,45.6402,-95.5669,EF1,0,0,0,0,0.0,0.0,180.69036517213462,True
2022,4,42.7912,-94.3335,42.848,-94.2774,EF2,0,0,0,0,75000.0,0.0,128.14150229515988,True
2022,4,39.5062,-100.558,39.5678,-100.5262,EF1,0,0,0,0,0.0,0.0,99.31093626575036,True
2022,4,39.1053,-101.1829,39.134,-101.1699,EF0,0,0,0,0,0.0,0.0,53.21536309651277,True
2022,5,29.9762,-93.9766,29.9711,-93.9602,EF1,0,0,0,0,100000.0,0.0,75.07146388862958,True
2022,3,30.7696,-97.3612,30.8469,-97.3161,EF1,0,0,0,0,2000.0,0.0,5.715364933703478,True
2022,4,42.6492,-94.5437,42.7479,-94.5,EF2,0,0,1,0,150000.0,0.0,122.45411139410903,True
2022,4,39.134,-101.1699,39.1849,-101.1503,EF0,0,0,0,0,0.0,0.0,52.50286120729181,True
2022,5,36.9987,-78.7104,37.0,-78.71,EF1,0,0,0,0,50000.0,0.0,138.8748978137277,True
2022,5,48.86,-100.83,48.8623,-100.8237,EFU,0,0,0,0,0.0,0.0,232.3634173849952,True
2022,3,31.5058,-96.5759,31.6023,-96.423,EF0,0,0,0,0,200000.0,0.0,116.20042284537254,True
2022,3,32.8672,-98.5296,32.9591,-98.4046,EF1,0,0,0,0,75000.0,0.0,77.02954616202018,True
2022,3,33.434,-97.976,33.4395,-97.9699,EF0,0,0,0,0,0.0,0.0,114.48924988885322,True
2022,5,37.63,-92.01,37.672,-91.9997,EF1,0,0,0,0,40000.0,0.0,130.36510501983471,True
2022,1,35.2145,-78.3624,35.2154,-78.3606,EF1,0,0,0,0,1500000.0,0.0,51.43902888687077,True
2022,5,44.9883,-84.8497,45.0555,-84.5408,EF3,2,0,44,0,50000000.0,0.0,13.711343396366326,True
2022,3,40.1971,-89.9508,40.2292,-89.8263,EF0,0,0,0,0,0.0,0.0,52.42487839141494,True
2022,5,34.961,-94.576,35.019,-94.506,EF1,0,0,0,0,100000.0,0.0,41.483335530844144,True
2022,5,45.5151,-95.6965,45.5795,-95.6337,EF1,0,0,0,0,0.0,0.0,182.70275989517467,True
2022,4,39.5678,-100.5262,39.5805,-100.5202,EF1,0,0,0,0,0.0,0.0,103.2276279541954,True
2022,3,32.6462,-88.0263,32.7465,-87.9363,EF1,0,0,0,0,0.0,0.0,131.06260974265894,True
2022,5,37.85,-91.7488,37.8641,-91.7481,EF1,0,0,0,0,0.0,0.0,132.54777249014282,True
2022,5,36.0455,-78.8639,36.0274,-78.8797,EF0,0,0,0,0,150000.0,0.0,54.06524068006431,True
2022,3,32.834,-96.3474,32.84,-96.3427,EF1,0,0,0,0,500000.0,0.0,94.02480487637106,True
2022,5,46.9438,-92.0955,46.9462,-92.0298,EF0,0,0,0,0,0.0,0.0,14.714313541997969,True
2022,4,35.311,-97.855,35.32,-97.79,EF0,0,0,0,0,10000.0,0.0,52.42867034888382,True
2022,4,35.534,-97.214,35.525,-97.213,EF0,0,0,0,0,1000.0,0.0,23.079028126333462,True
2022,4,35.469,-97.214,35.476,-97.203,EF0,0,0,0,0,2000.0,0.0,16.183591357127728,True
2022,5,30.1135,-84.1584,30.1054,-84.1175,EF0,0,0,0,0,0.0,0.0,35.571571325762484,True
2022,5,30.1114,-83.5833,30.112,-83.5789,EF0,0,0,0,0,75000.0,0.0,78.36120134489816,True
2022,3,34.854,-82.828,34.918,-82.75,EF2,0,0,0,0,250000.0,0.0,55.579761780725875,True
2022,5,39.8552,-76.0797,39.891,-76.0459,EF1,0,0,3,0,325000.0,0.0,127.02169079095226,True
2022,5,38.5329,-82.9948,38.5445,-82.9913,EF1,0,0,0,0,20000.0,0.0,108.39529281864486,True
2022,4,31.912,-83.967,31.9142,-83.961,EF1,0,0,0,0,0.0,0.0,102.70916406050179,True
2022,4,43.5406,-92.6601,43.5933,-92.6305,EF2,0,0,2,0,1600000.0,0.0,122.22326930671366,True
2022,3,32.7471,-87.1201,32.836,-87.076,EF3,0,0,0,0,0.0,0.0,57.44776730045094,True
2022,4,33.2982,-96.4049,33.2994,-96.4004,EF1,0,0,0,0,200000.0,0.0,116.33281158247603,True
2022,4,32.483,-97.4275,32.4584,-97.2669,EF2,0,0,1,0,1000000.0,0.0,15.349040415142174,True
2022,4,38.11,-121.48,38.11,-121.48,EFU,0,0,0,0,0.0,0.0,46.78967118091883,True
2022,4,32.4195,-97.3302,32.4243,-97.302,EF0,0,0,0,0,50000.0,0.0,17.230899299603546,True
2022,4,32.4657,-97.241,32.4654,-97.1575,EF0,0,0,0,0,100000.0,0.0,13.254397477176802,True
2022,4,32.4518,-97.1176,32.4861,-97.0947,EF0,0,0,0,0,200000.0,0.0,21.990541206919993,True
2022,4,32.4769,-97.0556,32.473,-97.0316,EF0,0,0,0,0,50000.0,0.0,25.538459476863853,True
2022,4,43.2127,-92.8754,43.2412,-92.83,EF0,0,0,0,0,60000.0,0.0,151.80749198812413,True
2022,4,43.1572,-92.9427,43.2127,-92.8754,EF0,0,0,0,0,15000.0,0.0,159.50676909147694,True
2022,4,32.3804,-84.756,32.433,-84.6591,EF1,0,0,0,0,0.0,0.0,98.53386475739504,True
2022,5,34.3197,-86.039,34.3238,-86.039,EF0,0,0,0,0,0.0,0.0,68.04595701903744,True
2022,5,34.3948,-86.7938,34.4029,-86.7864,EF1,0,0,0,0,15000.0,0.0,88.13502060366041,True
2022,4,43.3244,-92.7049,43.3421,-92.6547,EF1,0,0,0,0,110000.0,0.0,133.94874699895345,True
2022,4,45.58,-99.33,45.5801,-99.3295,EF0,0,0,0,0,0.0,0.0,72.7636242149774,True
2022,5,35.6365,-101.5991,35.6368,-101.5991,EF0,0,0,0,0,5000.0,0.0,45.92814748218941,True
2022,4,31.3405,-97.7778,31.2874,-97.7997,EFU,0,0,0,0,0.0,0.0,78.43305050125724,True
2022,4,31.0408,-97.217,31.0296,-97.1574,EF0,0,0,0,0,0.0,0.0,38.85316557769538,True
2022,3,36.122,-94.156,36.185,-94.107,EF3,0,0,7,0,20000000.0,0.0,94.31856237792051,True
2022,5,39.8524,-77.6368,39.8561,-77.635,EF0,0,0,0,0,70000.0,0.0,98.2805590549115,True
2022,5,40.2675,-77.2428,40.2683,-77.2401,EF0,0,0,0,0,4000.0,0.0,97.17427556807128,True
2022,4,34.723,-97.265,34.724,-97.261,EF0,0,0,0,0,30000.0,0.0,67.84439843250757,True
2022,5,36.3646,-79.7966,36.39,-79.64,EF1,0,0,0,0,700000.0,12000.0,84.80357750579732,True
2022,5,37.88,-79.29,37.88,-79.29,EF0,0,0,0,0,8000.0,0.0,128.85353673613477,True
2022,5,28.2098,-82.6904,28.2097,-82.6945,EFU,0,0,0,0,20000.0,0.0,62.84927627233723,True
2022,5,27.39,-82.47,27.3912,-82.4782,EFU,0,0,0,0,0.0,0.0,35.692797475114276,True
2022,5,27.9847,-82.5584,27.984,-82.5675,EFU,0,0,0,0,20000.0,0.0,34.67074423798032,True
2022,5,45.9062,-95.3967,45.9403,-95.3781,EF1,0,0,0,0,0.0,0.0,185.1379824161986,True
2022,3,32.836,-87.076,33.057,-86.904,EF3,0,0,1,0,0.0,0.0,47.022499312520154,True
2022,3,33.057,-86.904,33.1086,-86.8612,EF1,0,0,1,0,0.0,0.0,17.88157245211709,True
2022,4,30.8846,-97.788,30.8918,-97.7307,EF1,0,0,0,0,100000.0,0.0,42.733929710123924,True
2022,3,35.1042,-80.2373,35.155,-80.1907,EF2,0,0,0,0,500000.0,0.0,151.75389549009006,True
2022,5,32.6377,-100.7711,32.6397,-100.7655,EF2,0,0,0,0,650000.0,0.0,142.5481769880436,True
2022,5,33.664,-102.5559,33.6636,-102.5482,EFU,0,0,0,0,0.0,0.0,68.65898525024754,True
2022,7,39.1675,-83.9993,39.1988,-83.9517,EF1,0,0,0,0,500000.0,0.0,31.994878008441507,True
2022,5,33.8093,-102.786,33.825,-102.764,EF2,0,0,0,0,0.0,0.0,91.5117339420207,True
2022,5,33.6266,-102.5438,33.6829,-102.4312,EF2,0,0,0,0,0.0,0.0,67.61433128080546,True
2022,4,43.3276,-92.4483,43.3559,-92.3677,EF0,0,0,0,0,340000.0,0.0,115.27448611646956,True
2022,4,35.82,-94.659,35.841,-94.545,EF1,0,0,1,0,300000.0,0.0,64.73176075299865,True
2022,4,35.276,-94.134,35.27,-94.116,EF1,0,0,0,0,0.0,0.0,20.746447262373373,True
2022,7,39.2387,-84.2781,39.225,-84.2401,EF1,0,0,0,0,100000.0,0.0,44.145986498530085,True
2022,5,33.825,-102.764,33.8342,-102.7815,EF2,0,0,0,0,0.0,0.0,89.85957858940478,True
2022,5,42.1709,-89.6011,42.1702,-89.6024,EFU,0,0,0,0,0.0,0.0,102.19307203830962,True
2022,4,43.328,-92.5543,43.3477,-92.5128,EF1,0,0,0,0,25000.0,0.0,122.82367244580023,True
2022,3,41.5374,-90.7259,41.5388,-90.7248,EF0,0,0,0,0,0.0,0.0,14.622198227758744,True
2022,5,33.8213,-102.7178,33.825,-102.713,EFU,0,0,0,0,0.0,0.0,85.60049668634939,True
2022,5,38.614,-89.751,38.617,-89.749,EF0,0,0,0,0,10000.0,0.0,81.45641027630742,True
2022,4,40.1,-99.51,40.1,-99.51,EFU,0,0,0,0,0.0,0.0,93.961212625175,True
2022,4,40.04,-99.61,40.03,-99.59,EFU,0,0,0,0,0.0,0.0,104.02863612750237,True
2022,4,40.42,-99.03,40.41,-99.01,EFU,0,0,0,0,0.0,0.0,51.024048564911624,True
2022,3,31.99,-88.1,32.0,-88.09,EF2,0,0,0,0,0.0,0.0,146.33051541644747,True
2022,3,35.954,-81.301,36.009,-81.214,EF1,0,0,0,0,25000.0,0.0,145.28036165338983,True
2022,3,29.405,-95.1484,29.4064,-95.1468,EF0,0,0,0,0,15000.0,0.0,10.03624070789619,True
2022,3,30.4909,-96.4715,30.5053,-96.4679,EF0,0,0,0,0,100000.0,0.0,90.90816784006418,True
2022,3,30.7405,-96.2008,30.7431,-96.1949,EF1,0,0,0,0,100000.0,0.0,112.99206489614701,True
2022,3,30.9357,-95.9381,30.958,-95.9062,EF1,0,0,0,0,1000000.0,0.0,139.97914711011828,True
2022,5,33.825,-102.713,33.835,-102.7157,EFU,0,0,0,0,0.0,0.0,85.25628963789572,True
2022,5,40.9429,-83.7853,41.0121,-83.6854,EF0,0,0,0,0,42500.0,0.0,166.84001084137049,True
2022,5,38.305,-91.041,38.341,-91.05,EF0,0,0,0,0,20000.0,0.0,53.75839824781848,True
2022,5,38.424,-89.5,38.442,-89.48,EF0,0,0,0,0,30000.0,0.0,107.2843721520854,True
2022,5,38.41,-87.745,38.417,-87.732,EF1,0,0,0,0,5000.0,0.0,16.748083473793766,True
2022,5,37.11,-96.78,37.1102,-96.7796,EFU,0,0,0,0,0.0,0.0,84.24372523681676,True
2022,3,33.2649,-86.6431,33.3125,-86.5908,EF1,0,0,0,0,0.0,0.0,15.67117474234272,True
2022,3,32.0,-88.09,32.2,-87.9,EF2,0,0,0,0,0.0,0.0,147.52635171902813,True
2022,4,40.12,-97.84,40.1327,-97.8208,EF0,0,0,0,0,0.0,0.0,55.77316117857136,True
2022,4,40.1327,-97.8208,40.15,-97.76,EF0,0,0,0,0,0.0,0.0,56.73034032467525,True
2022,4,33.8947,-79.3035,33.9006,-79.2954,EF1,0,0,0,0,0.0,0.0,81.33666545346861,True
2022,3,31.1346,-95.675,31.422,-95.3555,EF2,1,0,10,0,5000000.0,0.0,169.2402547943425,True
2022,6,30.68,-92.4,30.6804,-92.4008,EF0,0,0,0,0,0.0,0.0,76.22511559278557,True
2022,5,33.7937,-102.6694,33.788,-102.6433,EFU,0,0,0,0,0.0,0.0,80.60334108445394,True
2022,5,41.2123,-82.7489,41.2155,-82.7418,EF1,0,0,0,0,50000.0,0.0,77.52423011782642,True
2022,5,38.582,-90.398,38.623,-90.379,EF0,0,0,0,0,50000.0,0.0,27.939618718256483,True
2022,5,38.741,-89.482,38.882,-89.391,EF1,0,0,0,0,20000.0,0.0,104.27812109527636,True
2022,5,33.9089,-79.0653,33.9161,-79.0507,EF0,0,0,0,0,0.0,0.0,59.35228267536178,True
2022,5,34.0513,-78.8869,34.064,-78.8788,EF0,0,0,0,0,0.0,0.0,42.74867967975553,True
2022,3,32.2663,-86.6128,32.3067,-86.6014,EF0,0,0,0,0,0.0,0.0,82.91169235307267,True
2022,3,29.8849,-90.0535,29.914,-90.0258,EF0,0,0,0,0,1000000.0,0.0,78.34251482742424,True
2022,11,31.3824,-90.0697,31.4009,-90.0444,EF1,0,0,0,0,15000.0,0.0,100.13192669753163,True
2022,3,29.4886,-96.0397,29.4936,-96.0237,EF0,0,0,4,0,100000.0,0.0,93.02362498610414,True
2022,3,29.2286,-95.3365,29.2286,-95.3343,EF0,0,0,0,0,1000.0,0.0,36.81840017956449,True
2022,5,33.7802,-102.5942,33.7821,-102.5608,EF0,0,0,0,0,0.0,0.0,73.49545266202145,True
2022,5,38.63,-90.418,38.648,-90.41,EF0,0,0,0,0,20000.0,0.0,24.230470532830214,True
2022,5,38.663,-89.519,38.741,-89.482,EF1,0,0,0,0,50000.0,0.0,101.09682781791456,True
2022,4,43.2574,-92.6427,43.328,-92.5543,EF1,0,0,0,0,525000.0,0.0,132.82188727367688,True
2022,4,40.03,-99.43,40.03,-99.43,EFU,0,0,0,0,0.0,0.0,89.959492708393,True
2022,5,33.6627,-102.5785,33.6524,-102.5644,EFU,0,0,0,0,0.0,0.0,70.74885252871933,True
2022,5,38.679,-90.47,38.69,-90.474,EF0,0,0,0,0,50000.0,0.0,18.598844807395253,True
2022,5,38.3439,-87.8778,38.41,-87.745,EF2,0,0,0,0,500000.0,0.0,16.292226951672124,True
2022,5,37.16,-96.74,37.1601,-96.7399,EFU,0,0,0,0,0.0,0.0,82.9383736637011,True
2022,4,43.2965,-92.0033,43.2982,-91.9915,EF0,0,0,0,0,125000.0,0.0,87.79184432092926,True
2022,3,29.9473,-90.0063,29.9871,-89.9841,EF3,1,1,2,0,30000000.0,0.0,74.39406328728718,True
2022,11,33.4605,-89.2425,33.49,-89.1303,EF1,0,0,0,0,100000.0,0.0,97.45106381819258,True
2022,3,32.849,-94.699,32.879,-94.664,EF2,0,0,1,0,350000.0,0.0,91.7026010906489,True
2022,3,36.371,-91.1183,36.3985,-91.0932,EF1,0,0,0,0,200000.0,0.0,160.0309654526678,True
2022,3,35.43,-93.23,35.53,-92.9815,EF1,0,0,0,0,50000.0,0.0,103.80839759285203,True
2022,3,28.4946,-82.6674,28.5189,-82.5759,EF1,0,0,0,0,50000.0,0.0,91.5503419642541,True
2022,3,36.03,-91.84,36.092,-91.681,EF2,0,0,5,0,325000.0,0.0,138.11966008877164,True
2022,3,36.092,-91.681,36.1006,-91.6568,EF0,0,0,0,0,80000.0,0.0,149.20194694624726,True
2022,3,30.87,-85.18,30.8721,-85.1793,EFU,0,0,0,0,0.0,0.0,70.84238965364746,True
2022,3,39.403,-89.664,39.436,-89.605,EF1,0,0,0,0,50000.0,0.0,87.69453748798671,True
2022,3,33.96,-91.96,33.9937,-91.8148,EF1,0,0,0,0,75000.0,0.0,101.31009766784408,True
2022,3,34.15,-91.46,34.2021,-91.3553,EF1,0,0,0,0,0.0,0.0,105.95437980499908,True
2022,3,40.8423,-93.5849,40.8537,-93.5568,EFU,0,0,0,0,0.0,0.0,99.49987150452746,True
2022,3,29.3624,-81.5563,29.3841,-81.472,EF1,0,0,0,0,0.0,0.0,125.57266080558419,True
2022,3,30.8145,-85.5588,30.8157,-85.5352,EF0,0,0,0,0,75000.0,0.0,44.42279337589305,True
2022,3,30.817,-85.5013,30.8182,-85.4984,EF1,0,0,0,0,100000.0,0.0,48.99608814362405,True
2022,3,30.1514,-85.5656,30.1513,-85.5588,EF1,0,0,0,0,100000.0,0.0,57.29334293007837,True
2022,3,30.6645,-86.0182,30.6621,-86.0048,EF1,0,0,0,0,0.0,0.0,14.41127562689044,True
2022,3,34.922,-95.551,34.926,-95.542,EF0,0,0,0,0,75000.0,0.0,115.66701774974098,True
2022,3,41.4189,-93.7907,41.5115,-93.5767,EF2,0,0,0,0,20000000.0,0.0,35.17086350046091,True
2022,3,41.5115,-93.5767,41.6104,-93.3486,EF2,0,0,0,0,75000000.0,0.0,27.273528828496172,True
2022,3,40.8537,-93.5568,40.8565,-93.5499,EFU,0,0,0,0,0.0,0.0,98.54375771099963,True
2022,3,27.2221,-80.2367,27.2228,-80.2349,EF0,0,0,0,0,1000.0,0.0,107.27098671509928,True
2022,3,29.0497,-82.461,29.1817,-82.0462,EF1,0,0,0,0,0.0,0.0,149.6054062456436,True
2022,3,26.4508,-81.952,26.4512,-81.9518,EF0,0,0,0,0,1000.0,0.0,146.43069330356846,True
2022,3,33.6486,-95.1559,33.6788,-95.1178,EF1,0,0,0,0,25000.0,0.0,180.97190113935596,True
2022,3,30.1705,-85.7128,30.185,-85.691,EF2,0,0,0,0,500000.0,0.0,48.229272060632134,True
2022,3,40.8976,-93.4338,40.9123,-93.3968,EFU,0,0,0,0,0.0,0.0,95.77324815109944,True
2022,3,31.8748,-93.2103,31.8843,-93.1929,EF0,0,0,0,0,5000.0,0.0,83.03788574932531,True
2022,3,31.8656,-93.2078,31.8954,-93.121,EF0,0,0,0,0,0.0,0.0,81.98909254891986,True
2022,3,40.2467,-84.4431,40.257,-84.3973,EF0,0,0,0,0,100000.0,0.0,106.11412870202534,True
2022,3,39.1406,-85.2964,39.1437,-85.2728,EF0,0,0,0,0,100000.0,0.0,105.42752637646744,True
2022,3,27.46,-81.26,27.4644,-81.2506,EF1,0,0,0,0,0.0,0.0,93.92372598410611,True
2022,5,39.0119,-85.9163,39.0118,-85.9152,EF0,0,0,0,0,10000.0,0.0,83.43594910491414,True
2022,3,41.6104,-93.3486,41.734,-93.0135,EF2,0,0,0,0,50000000.0,0.0,33.858818797923405,True
2022,3,31.1854,-93.0299,31.193,-92.9959,EF1,0,0,0,0,10000.0,0.0,6.139106323618117,True
2022,3,35.1558,-80.19,35.1903,-80.1623,EF1,0,0,0,0,100000.0,0.0,158.9042484692798,True
2022,3,35.8672,-78.8372,35.8698,-78.835,EF1,0,0,0,0,100000.0,0.0,38.54186053557897,True
2022,3,32.0323,-93.0364,32.0619,-92.9843,EF1,0,0,0,0,12000.0,0.0,88.85622592903805,True
2022,3,32.2535,-92.822,32.2696,-92.7992,EF1,0,0,0,0,0.0,0.0,98.22370411652527,True
2022,3,39.3919,-84.0061,39.4079,-83.992,EF0,0,0,0,0,10000.0,0.0,16.157393605804305,True
2022,3,39.4079,-83.992,39.4101,-83.99,EF0,0,0,0,0,2000.0,0.0,14.697847985862978,True
2022,3,27.3298,-82.5419,27.3459,-82.5228,EF1,0,0,1,0,1000000.0,0.0,43.97263029455376,True
2022,3,40.7595,-93.708,40.8437,-93.5569,EF2,0,0,0,0,500000.0,0.0,108.04412393341893,True
2022,3,40.9031,-93.4387,40.9163,-93.4031,EFU,0,0,0,0,0.0,0.0,95.07833372588503,True
2022,3,31.584,-93.0073,31.5866,-92.9621,EF0,0,0,0,0,0.0,0.0,47.76613587238344,True
2022,3,32.2813,-92.7414,32.2834,-92.7371,EF1,0,0,0,0,1000.0,0.0,105.00269871013458,True
2022,3,40.2395,-84.5174,40.2564,-84.4677,EF0,0,0,0,0,150000.0,0.0,108.75469698015347,True
2022,3,30.5422,-96.4391,30.5457,-96.4363,EF0,0,0,0,0,0.0,0.0,92.46755125463801,True
2022,3,41.009,-82.8065,41.0181,-82.7967,EF0,0,0,0,0,5000.0,0.0,91.03370933681408,True
2022,3,32.879,-94.664,32.887,-94.654,EF2,0,0,0,0,0.0,0.0,90.54458031389368,True
2022,3,31.6591,-95.0306,31.691,-94.963,EF2,0,0,0,0,35000.0,0.0,142.52544714540593,True
2022,3,31.844,-94.825,32.0749,-94.6408,EF2,0,0,0,0,1000000.0,0.0,114.59007944803008,True
2022,3,32.072,-94.602,32.206,-94.5117,EF2,0,0,1,0,550000.0,0.0,83.01439127717971,True
2022,3,40.8437,-93.5569,40.8976,-93.4338,EF2,0,0,0,0,100000.0,0.0,99.64374048152567,True
2022,3,40.9405,-93.3854,41.0268,-93.2018,EF3,1,0,1,0,1500000.0,0.0,92.31481041173019,True
2022,3,32.3883,-92.5378,32.3942,-92.5286,EF1,0,0,0,0,0.0,0.0,122.54355594339306,True
2022,3,32.4227,-92.5223,32.4612,-92.4663,EF1,0,0,0,0,10000.0,0.0,123.81693384705802,True
2022,3,36.5866,-90.4501,36.5872,-90.4484,EF0,0,0,0,0,0.0,0.0,147.52361500628362,True
2022,3,30.6909,-85.434,30.7544,-85.3585,EF1,0,0,0,0,100000.0,0.0,48.71438194845731,True
2022,3,41.2334,-94.2013,41.4189,-93.7907,EF4,6,0,5,0,75000000.0,0.0,68.19963594186855,True
2022,3,36.5107,-89.6882,36.5157,-89.677,EF0,0,0,0,0,0.0,0.0,102.47845862182069,True
2022,3,37.9507,-88.8089,37.98,-88.7445,EF0,0,0,0,0,62000.0,0.0,98.16921103225387,True
2022,3,40.9344,-94.7859,40.9431,-94.76,EFU,0,0,0,0,0.0,0.0,125.40205846122868,True
2022,3,40.6834,-93.3892,40.7717,-93.2409,EF2,0,0,0,0,300000.0,0.0,119.79560333587509,True
2022,3,38.3586,-88.3813,38.3626,-88.3792,EF0,0,0,0,0,30000.0,0.0,58.33949265057606,True
2022,3,38.0077,-88.2352,38.0867,-88.1665,EF1,0,0,0,0,200000.0,0.0,52.75917532929677,True
2022,3,31.2925,-93.8314,31.2957,-93.8157,EF1,0,0,0,0,15000.0,0.0,82.7730093273383,True
2022,3,35.8011,-92.4292,35.809,-92.416,EF1,0,0,0,0,30000.0,0.0,108.33999360920028,True
2022,3,35.809,-92.416,35.8229,-92.3951,EF1,0,0,0,0,10000.0,0.0,109.04979609386915,True
2022,3,41.0862,-94.5078,41.0958,-94.4706,EF0,0,0,0,0,10000.0,0.0,97.09515407033011,True
2022,3,40.9807,-93.3198,40.977,-93.3202,EF0,0,0,0,0,0.0,0.0,89.96655576935258,True
2022,3,34.851,-82.894,34.852,-82.893,EF0,0,0,0,0,0.0,0.0,61.61133476858455,True
2022,3,38.0666,-87.7176,38.0711,-87.7,EF1,0,0,0,0,10000.0,0.0,21.540283429594027,True
2022,3,30.6376,-85.5108,30.6909,-85.434,EF3,2,0,1,0,500000.0,0.0,40.14233064647444,True
2022,3,40.9651,-84.7032,40.9681,-84.6996,EFU,0,0,0,0,0.0,0.0,94.22057982123923,True
2022,3,33.1614,-94.3085,33.1687,-94.2783,EF1,0,0,0,0,0.0,0.0,90.27677060298839,True
2022,3,41.0958,-94.4706,41.0988,-94.4559,EFU,0,0,0,0,0.0,0.0,94.22528391544384,True
2022,3,41.7455,-92.9727,41.8332,-92.766,EF2,0,0,0,0,500000.0,0.0,62.262525752743265,True
2022,3,31.1491,-93.6336,31.1433,-93.6018,EF1,0,0,0,0,150000.0,0.0,62.59719488064969,True
2022,3,33.2148,-94.1655,33.225,-94.1325,EF1,0,0,0,0,100000.0,0.0,90.19018285083482,True
2022,3,40.8219,-86.5484,40.8246,-86.5414,EF0,0,0,0,0,15000.0,0.0,92.82541107332182,True
2022,3,32.887,-94.654,33.0128,-94.4388,EF2,0,0,0,0,50000.0,0.0,90.22187073883744,True
2022,3,31.691,-94.963,31.844,-94.825,EF2,0,0,1,0,750000.0,0.0,135.3150385514103,True
2022,3,32.0548,-94.6089,32.072,-94.602,EF2,0,0,0,0,0.0,0.0,84.56003774833464,True
2022,3,32.371,-94.2821,32.4072,-94.1778,EF1,0,0,0,0,0.0,0.0,42.326368299556854,True
2022,3,32.6428,-94.966,32.849,-94.699,EF2,0,0,7,0,2200000.0,0.0,107.56473454257117,True
2022,3,41.8332,-92.766,41.8624,-92.7148,EF1,0,0,0,0,5000.0,0.0,80.1461270059064,True
2022,6,47.86,-98.49,47.8599,-98.4751,EF0,0,0,0,0,0.0,0.0,94.68377958301313,True
2022,11,36.115,-93.697,36.132,-93.687,EF0,0,0,0,0,30000.0,0.0,109.59601739618398,True
2022,11,35.37,-93.9,35.375,-93.871,EF0,0,0,0,0,25000.0,0.0,42.82451555150616,True
2022,5,39.375,-85.907,39.375,-85.903,EF1,0,0,0,0,20000.0,0.0,48.90153967143441,True
2022,11,35.416,-93.829,35.421,-93.807,EF1,0,0,0,0,0.0,0.0,50.30441425767374,True
2022,11,35.422,-93.804,35.428,-93.777,EF1,0,0,0,0,0.0,0.0,52.66596007713543,True
2022,5,40.03,-99.88,40.03,-99.88,EFU,0,0,0,0,0.0,0.0,126.38471292897398,True
2022,4,34.9251,-88.5227,34.9241,-88.5197,EF0,0,0,0,0,30000.0,0.0,115.69938150104207,True
2022,6,40.4508,-82.6386,40.4127,-82.5828,EF1,0,0,0,0,30000.0,0.0,125.40416872354314,True
2022,6,40.4807,-82.6829,40.4508,-82.6386,EF1,0,0,0,0,0.0,0.0,124.5964488635008,True
2022,6,40.7081,-97.7613,40.7405,-97.6323,EF2,0,0,2,0,1200000.0,5000000.0,71.86746814341487,True
2022,11,35.23,-94.082,35.232,-94.055,EFU,0,0,0,0,0.0,0.0,26.2845124441733,True
2022,11,35.34,-93.913,35.356,-93.859,EF1,0,0,0,0,75000.0,0.0,41.0999099799531,True
2022,8,29.81,-93.66,29.8181,-93.6427,EF0,0,0,0,0,0.0,0.0,55.31223992396732,True
2022,8,29.0497,-99.0062,29.0526,-99.0074,EF0,0,0,0,0,50000.0,0.0,119.44398873682827,True
2022,8,39.9,-104.71,39.9,-104.71,EFU,0,0,0,0,0.0,0.0,18.85305042597039,True
2022,8,43.393,-83.526,43.399,-83.48,EF0,0,0,0,0,0.0,0.0,77.18560471329087,True
2022,6,35.6828,-89.2948,35.6828,-89.2935,EF0,0,0,0,0,25000.0,0.0,64.4596551970048,True
2022,6,40.5985,-82.7479,40.5788,-82.6953,EF1,0,0,0,0,45000.0,0.0,117.2791471606981,True
2022,8,30.185,-93.2869,30.1855,-93.2911,EF0,0,0,0,0,0.0,0.0,9.523326342233547,True
2022,5,45.1454,-95.9201,45.1517,-95.9186,EF0,0,0,0,0,0.0,0.0,184.74501625071778,True
2022,5,45.7261,-95.3956,45.7591,-95.3759,EF1,0,0,0,0,0.0,0.0,173.23241238828436,True
2022,7,39.2431,-84.1829,39.1982,-84.1143,EF2,0,0,2,0,3000000.0,0.0,36.7888746067157,True
2022,8,44.7152,-93.2642,44.7272,-93.2615,EF0,0,0,0,0,500000.0,0.0,28.045041634057906,True
2022,8,44.9467,-93.035,44.9952,-93.0171,EF0,0,0,0,0,750000.0,0.0,43.17971595373132,True
2022,8,44.8988,-95.2485,44.8985,-95.2436,EF0,0,0,0,0,0.0,0.0,132.73192124106586,True
2022,8,44.9004,-95.261,44.8988,-95.2485,EF0,0,0,0,0,0.0,0.0,133.7216548003821,True
2022,11,31.4597,-89.7572,31.4852,-89.6994,EF1,0,0,0,0,60000.0,0.0,93.70222540567076,True
2022,5,45.4741,-92.6532,45.4847,-92.6509,EF0,0,0,0,0,0.0,0.0,99.7473064115346,True
2022,6,40.6061,-82.3376,40.5999,-82.3138,EF1,0,0,0,0,0.0,0.0,98.27058264938327,True
2022,5,44.8885,-94.0098,44.9783,-93.9716,EF0,0,0,0,0,0.0,0.0,35.28826730053101,True
2022,5,46.1318,-95.0461,46.3158,-94.8781,EF1,0,0,0,0,0.0,0.0,183.48738874692444,True
2022,3,36.407,-90.394,36.477,-90.319,EF0,0,0,0,0,0.0,0.0,127.09434000201006,True
2022,11,31.1649,-89.8896,31.1585,-89.7895,EF2,0,0,0,0,150000.0,0.0,87.13406989591611,True
2022,12,31.0599,-92.5369,31.0927,-92.511,EF1,0,0,0,0,40000.0,0.0,43.112857536338396,True
2022,12,31.1208,-92.4855,31.2095,-92.4185,EF1,0,0,0,0,75000.0,0.0,46.82396615732348,True
2022,12,30.7663,-92.2172,30.7663,-92.2172,EFU,0,0,0,0,0.0,0.0,84.28069810464481,True
2022,7,39.545,-82.9335,39.5617,-82.8429,EF0,0,0,3,0,250000.0,0.0,77.47499820629183,True
2022,7,39.5617,-82.8429,39.5679,-82.8257,EF0,0,0,0,0,10000.0,0.0,85.44838022328258,True
2022,8,26.9,-82.01,26.9001,-82.0106,EFU,0,0,0,0,0.0,0.0,97.55747016830198,True
2022,11,31.8464,-89.2062,31.9586,-89.0584,EF2,0,0,0,0,450000.0,0.0,87.76466206486182,True
2022,11,33.3312,-88.6363,33.3625,-88.6155,EF1,0,0,0,0,3000.0,0.0,69.03387559092518,True
2022,4,38.073,-97.443,38.0733,-97.44,EFU,0,0,0,0,0.0,0.0,46.541748703315825,True
2022,11,31.22,-83.99,31.2205,-83.9896,EF0,0,0,0,0,5000.0,0.0,97.01649311243564,True
2022,5,44.9783,-93.9716,44.991,-93.9673,EF0,0,0,0,0,0.0,0.0,35.06580983726864,True
2022,6,40.6266,-82.416,40.6061,-82.3376,EF1,0,0,0,0,2000.0,0.0,99.11128555855778,True
2022,8,37.8666,-99.7894,37.8891,-99.776,EF0,0,0,0,0,0.0,0.0,19.669835405954757,True
2022,11,31.23,-83.89,31.23,-83.89,EFU,0,0,0,0,0.0,0.0,92.65352632254714,True
2022,5,44.7379,-94.0892,44.8885,-94.0098,EF1,0,0,0,0,0.0,0.0,43.126604150096064,True
2022,5,40.16,-100.13,40.16,-100.13,EFU,0,0,0,0,0.0,0.0,144.39129345747304,True
2022,3,34.211,-89.945,34.358,-89.724,EF1,0,0,1,0,140000.0,0.0,126.23372651714745,True
2022,6,40.1546,-97.8859,40.104,-97.821,EF0,0,0,0,0,500000.0,0.0,50.68852117960519,True
2022,6,40.104,-97.821,40.0583,-97.7599,EF0,0,0,0,0,500000.0,0.0,57.97773964373184,True
2022,12,29.9533,-91.8382,30.0009,-91.7708,EF2,0,0,16,0,500000.0,0.0,133.98589215672993,True
2022,12,29.9523,-91.8281,29.955,-91.8267,EFU,0,0,0,0,0.0,0.0,134.96468026566325,True
2022,12,30.112,-91.639,30.113,-91.638,EF1,0,0,0,0,20000.0,0.0,126.61009485935533,True
2022,5,46.497,-94.7791,46.499,-94.7694,EF1,0,0,0,0,150000.0,0.0,199.66107351341626,True
2022,11,31.1386,-85.5845,31.1258,-85.5582,EF1,0,0,0,0,40000.0,0.0,37.72140433866676,True
2022,11,35.829,-94.054,35.901,-93.98,EF1,0,0,0,0,2000.0,0.0,66.04734386250794,True
2022,8,44.7636,-93.2156,44.7684,-93.2124,EF0,0,0,0,0,750000.0,0.0,29.189168777637434,True
2022,8,44.9018,-93.07,44.9052,-93.0677,EF0,0,0,0,0,100000.0,0.0,39.48662745859339,True
2022,8,44.8248,-93.1569,44.8313,-93.1447,EF0,0,0,0,0,750000.0,0.0,32.3308293019662,True
2022,4,37.653,-97.153,37.783,-97.082,EF3,0,0,1,3,37000000.0,0.0,25.535025961249733,True
2022,5,40.1045,-87.0659,40.1087,-87.064,EFU,0,0,0,0,0.0,0.0,80.24572134913669,True
2022,5,45.783,-96.9281,45.7868,-96.9241,EF0,0,0,0,0,0.0,0.0,121.07992286008457,True
2022,3,34.0492,-89.3786,34.1289,-89.2863,EF1,0,0,0,0,60000.0,0.0,98.24027603253988,True
2022,11,32.2898,-91.3668,32.2954,-91.3489,EFU,0,0,0,0,0.0,0.0,129.95172353975954,True
2022,3,35.937,-88.516,36.02,-88.39,EF1,0,0,0,0,200000.0,0.0,127.86109150370552,True
2022,8,40.2224,-84.9967,40.2356,-84.9693,EF0,0,0,0,0,15000.0,0.0,123.46698966275372,True
2022,5,39.2795,-86.1359,39.2803,-86.1303,EF0,0,0,0,0,30000.0,0.0,49.17625273407372,True
2022,8,32.4873,-95.1918,32.5341,-95.1582,EF1,0,0,0,0,25000.0,0.0,126.76424387059089,True
2022,8,47.7564,-100.9677,47.726,-100.949,EF2,0,0,0,0,250000.0,10000.0,110.70243668995556,True
2022,4,38.3475,-97.3368,38.3477,-97.3354,EF0,0,0,0,0,0.0,0.0,77.62503432636674,True
2022,3,33.68,-88.546,33.755,-88.49,EF1,0,0,0,0,15000.0,0.0,31.355844816320143,True
2022,5,45.43,-98.52,45.43,-98.52,EF0,0,0,0,0,0.0,0.0,8.824367066253695,True
2022,11,31.4341,-89.8054,31.445,-89.7791,EF0,0,0,0,0,3000.0,0.0,95.56649261538377,True
2022,5,38.417,-87.732,38.609,-87.4,EF1,0,0,0,0,200000.0,0.0,17.443120618596915,True
2022,5,45.43,-98.6,45.43,-98.6,EF0,0,0,0,0,0.0,0.0,14.86529569796363,True
2022,5,39.388,-85.951,39.45,-85.705,EF1,0,0,0,0,150000.0,0.0,45.377555599932556,True
2022,11,33.5832,-88.4231,33.6137,-88.2838,EF2,0,0,0,0,1000000.0,0.0,35.94750644727614,True
2022,3,33.797,-88.5221,33.8648,-88.4163,EF0,0,0,0,0,50000.0,0.0,20.995398619238085,True
2022,8,43.409,-83.389,43.412,-83.382,EF0,0,0,0,0,0.0,0.0,79.12385784423643,True
2022,3,35.791,-88.723,35.8171,-88.7093,EF1,0,0,0,0,50000.0,0.0,115.27311978046261,True
2022,4,38.4493,-97.2048,38.4512,-97.1882,EF1,0,0,0,0,0.0,0.0,90.81287485877489,True
2022,5,39.3524,-86.0329,39.353,-86.0313,EF0,0,0,0,0,40000.0,0.0,44.82287717150801,True
2022,1,35.3957,-78.6977,35.3895,-78.7094,EF0,0,0,0,0,100000.0,0.0,35.37994179152105,True
2022,3,35.7456,-88.7898,35.791,-88.723,EF1,0,0,0,0,250000.0,0.0,107.68968504185709,True
2022,5,44.99,-97.9055,44.99,-97.9055,EF0,0,0,0,0,0.0,0.0,65.2928792317579,True
2022,5,44.4702,-92.2518,44.4825,-92.2336,EF0,0,0,0,0,0.0,0.0,111.10781269423369,True
2022,4,37.84,-96.41,37.8398,-96.4096,EF1,0,0,0,0,0.0,0.0,93.14340418847252,True
2022,4,37.6262,-97.193,37.653,-97.153,EF2,0,0,2,0,4500000.0,0.0,22.239902317577275,True
2022,8,41.21,-90.74,41.23,-90.69,EFU,0,0,0,0,0.0,0.0,46.593329946619,True
2022,8,41.1993,-90.939,41.2004,-90.9341,EFU,0,0,0,0,0.0,0.0,54.7243505749506,True
2022,8,42.178,-91.1102,42.179,-91.1075,EFU,0,0,0,0,0.0,0.0,76.71725471087626,True
2022,11,33.198,-89.144,33.2066,-89.1403,EF1,0,0,0,0,1000.0,0.0,108.3575627843199,True
2022,11,33.1509,-89.1935,33.198,-89.144,EF1,0,0,0,0,10000.0,0.0,115.32603387372137,True
2022,8,47.84,-100.85,47.8349,-100.8492,EFU,0,0,0,0,0.0,0.0,119.07861115527201,True
2022,8,47.81,-100.93,47.7791,-100.9152,EF1,0,0,0,0,25000.0,0.0,116.25728092030882,True
2022,11,31.4257,-89.8311,31.4288,-89.8242,EF0,0,0,0,0,1000.0,0.0,96.09038469992201,True
2022,11,31.4288,-89.8242,31.4341,-89.8054,EF0,0,0,0,0,1000.0,0.0,95.85032851298126,True
2022,8,37.9695,-76.0467,38.0,-76.03,EF1,0,0,1,0,250000.0,0.0,108.88548985296491,True
2022,7,29.839,-93.938,29.8505,-93.9585,EF0,0,0,0,0,0.0,0.0,76.49034311991419,True
2022,7,39.5484,-102.4473,39.5436,-102.4604,EFU,0,0,0,0,0.0,0.0,67.23362374656885,True
2022,7,39.4036,-102.5508,39.3971,-102.5465,EFU,0,0,0,0,0.0,0.0,73.20971890145542,True
2022,3,35.57,-88.948,35.639,-88.823,EF1,0,0,0,0,500000.0,0.0,87.47350538869864,True
2022,7,39.3819,-102.6258,39.3605,-102.6375,EFU,0,0,0,0,0.0,0.0,79.57148553590429,True
2022,7,44.0828,-73.3069,44.0939,-73.2966,EF1,0,0,0,0,10000.0,0.0,48.92001426099232,True
2022,7,41.726,-88.2207,41.7251,-88.2195,EF0,0,0,0,0,0.0,0.0,17.63006484485791,True
2022,7,42.8425,-83.7125,42.838,-83.6875,EF0,0,0,0,0,35000.0,0.0,25.250063854558377,True
2022,7,42.838,-83.6875,42.8088,-83.5733,EF0,0,0,0,0,35000.0,0.0,23.364787923121902,True
2022,7,41.9,-73.96,41.9,-73.96,EFU,0,0,0,0,0.0,0.0,146.9465308681988,True
2022,7,41.7251,-88.2195,41.6679,-88.1862,EF0,0,0,0,0,0.0,0.0,17.489395977140642,True
2022,7,28.9976,-81.9427,29.0162,-81.936,EF0,0,0,0,0,0.0,0.0,150.56321791125978,True
2022,7,39.255,-101.3454,39.2614,-101.3135,EFU,0,0,0,0,0.0,0.0,32.97053882684338,True
2022,7,40.9,-104.1,40.9,-104.1,EFU,0,0,0,0,0.0,0.0,65.52295317816557,True
2022,7,39.74,-104.74,39.74,-104.74,EFU,0,0,0,0,0.0,0.0,17.390164520833054,True
2022,7,39.84,-104.82,39.84,-104.82,EFU,0,0,0,0,0.0,0.0,24.160324018793,True
2022,7,39.4641,-101.3377,39.4698,-101.3222,EFU,0,0,0,0,0.0,0.0,32.96703736213944,True
2022,7,39.4854,-101.3282,39.4921,-101.3097,EFU,0,0,0,0,0.0,0.0,34.565904201048326,True
2022,8,40.017,-80.519,40.012,-80.51,EF2,0,0,0,0,50000.0,0.0,62.66838590214232,True
2022,8,40.027,-80.537,40.017,-80.519,EF2,0,0,0,0,600000.0,5000.0,62.30186822771181,True
2022,7,41.6027,-88.1133,41.5468,-88.0968,EF0,0,0,0,0,0.0,0.0,2.4074027050815308,True
2022,7,48.85,-106.25,48.85,-106.25,EF2,0,0,0,0,0.0,0.0,76.70449628263195,True
2022,7,37.731,-76.6,37.639,-76.425,EF0,0,0,0,0,15000.0,0.0,90.54710521995167,True
2022,7,41.4563,-88.0035,41.4463,-88.002,EF0,0,0,0,0,0.0,0.0,17.79704160837391,True
2022,7,48.8626,-96.7817,48.8833,-96.7682,EF0,0,0,0,0,5000.0,0.0,153.7609186048704,True
2022,7,39.3067,-102.7587,39.2916,-102.8163,EF0,0,0,0,0,0.0,0.0,91.2725071235225,True
2022,7,39.2506,-101.2953,39.2558,-101.2832,EFU,0,0,0,0,0.0,0.0,37.1661358844539,True
2022,7,39.2382,-101.3798,39.2334,-101.378,EFU,0,0,0,0,0.0,0.0,31.068914213991444,True
2022,7,39.2388,-101.3865,39.2409,-101.3892,EFU,0,0,0,0,0.0,0.0,30.527116775715704,True
2022,7,40.67,-82.0292,40.6673,-81.9929,EF1,0,0,0,0,117000.0,0.0,83.83304686580826,True
2022,7,40.6673,-81.9929,40.6668,-81.9867,EF1,0,0,0,0,0.0,0.0,83.6693318500845,True
2022,7,36.056,-95.779,36.0588,-95.7617,EF1,0,0,0,0,30000.0,0.0,23.400678419851115,True
2022,11,41.7172,-88.5733,41.72,-88.572,EF0,0,0,0,0,0.0,0.0,42.5024722352189,True
2022,11,33.912,-96.458,33.948,-96.425,EF1,0,0,0,0,75000.0,0.0,168.38208576818965,True
2022,11,33.0072,-95.7297,33.0397,-95.698,EF2,0,0,0,0,1000000.0,0.0,154.80757950955723,True
2022,11,32.9545,-95.7928,32.98,-95.764,EF1,0,0,0,0,20000.0,0.0,147.4626302887322,True
2022,7,42.9244,-72.4543,42.929,-72.451,EF1,0,0,0,0,2000.0,0.0,152.60117102979595,True
2022,11,34.871,-94.589,34.945,-94.519,EF1,0,0,0,0,75000.0,0.0,51.01037210101327,True
2022,7,42.4824,-93.1664,42.4829,-93.16,EFU,0,0,0,0,0.0,0.0,95.32136268562867,True
2022,12,32.366,-94.173,32.4211,-94.0992,EF2,0,0,0,0,60000.0,0.0,32.541455059413984,True
2022,11,34.3908,-94.9909,34.4237,-94.9612,EF2,1,0,1,0,300000.0,0.0,115.3329473038297,True
2022,11,34.5065,-94.907,34.598,-94.843,EF1,0,0,0,0,70000.0,0.0,100.34661910263009,True
2022,11,41.72,-88.572,41.7674,-88.5499,EF0,0,0,0,0,0.0,0.0,42.49156782410211,True
2022,11,32.98,-95.764,32.9988,-95.7388,EF1,0,0,0,0,0.0,0.0,150.85043374997153,True
2022,7,41.8705,-94.951,41.8707,-94.944,EFU,0,0,0,0,0.0,0.0,102.97629986834342,True
2022,7,42.4764,-91.7577,42.4745,-91.7447,EFU,0,0,0,0,0.0,0.0,136.70887869976067,True
2022,7,42.6321,-92.0128,42.6301,-91.986,EFU,0,0,0,0,0.0,0.0,148.19057779148102,True
2022,7,46.3647,-92.4202,46.3358,-92.3335,EF1,0,0,0,0,0.0,0.0,54.91789678028467,True
2022,11,33.5995,-95.749,33.888,-95.4637,EF4,0,0,10,0,5000000.0,0.0,184.38186444566438,True
2022,11,32.108,-96.0044,32.2438,-95.8046,EF2,0,0,0,0,3000000.0,0.0,132.5040343596203,True
2022,7,43.2628,-91.5287,43.2454,-91.5121,EF1,0,0,0,0,60000.0,0.0,67.95173715254528,True
2022,7,43.7162,-93.6339,43.7108,-93.6285,EF0,0,0,0,0,0.0,0.0,126.06582968118595,True
2022,7,43.8689,-91.1746,43.8526,-91.1301,EF0,0,0,0,0,10000.0,0.0,5.2973437940414145,True
2022,7,43.4147,-94.8919,43.4126,-94.8596,EF0,0,0,0,0,1000.0,500.0,149.40539491892392,True
2022,10,45.1607,-122.9069,45.1607,-122.9055,EF0,0,0,0,0,25000.0,0.0,61.80065465072723,True
2022,9,35.3242,-76.7076,35.3325,-76.7147,EFU,0,0,0,0,0.0,0.0,62.88198787651254,True
2022,10,33.1997,-111.8819,33.1983,-111.8865,EF0,0,0,0,0,0.0,0.0,22.075224994622392,True
2022,10,45.3753,-122.1413,45.3723,-122.1371,EF0,0,0,0,0,50000.0,0.0,74.43917375485023,True
2022,10,35.36,-112.2108,35.3631,-112.199,EF1,0,0,0,0,350000.0,0.0,127.05012825534185,True
2022,7,43.8605,-91.8798,43.8561,-91.8554,EF0,0,0,0,0,5000.0,0.0,55.39277017889228,True
2022,7,40.8661,-98.3346,40.9,-98.28,EF1,0,0,0,0,250000.0,100000.0,61.30489933212673,True
2022,12,27.07,-82.22,27.0724,-82.2132,EF0,0,0,0,0,0.0,0.0,72.88697945829622,True
2022,7,40.9,-98.28,40.9665,-98.2099,EF1,0,0,0,0,250000.0,100000.0,65.83557004778658,True
2022,11,34.4578,-94.9439,34.507,-94.907,EF1,0,0,0,0,0.0,0.0,106.72573529998806,True
2022,7,40.5127,-90.6922,40.5124,-90.6771,EFU,0,0,0,0,0.0,0.0,121.7449172649656,True
2022,9,41.021,-80.6559,41.022,-80.6555,EF0,0,0,0,0,12000.0,0.0,65.73154603214483,True
2022,9,36.24,-108.18,36.2407,-108.1784,EFU,0,0,0,0,0.0,0.0,172.319057737194,True
2022,9,40.9837,-72.5624,40.9968,-72.5266,EF0,0,0,0,0,100000.0,0.0,28.53800163437075,True
2022,11,32.9458,-94.8712,32.9701,-94.8461,EF1,0,0,0,0,0.0,0.0,110.98429692264611,True
2022,11,33.5047,-95.2418,33.8055,-94.9175,EF4,0,0,7,0,2000000.0,0.0,175.4955343114772,True
2022,11,31.9743,-92.0655,32.0197,-91.9417,EF3,0,0,1,0,450000.0,0.0,125.4292047936657,True
2022,11,33.0218,-94.8157,33.18,-94.652,EF3,1,0,8,0,5000000.0,0.0,111.07658910478925,True
2022,9,40.34,-88.77,40.32,-88.72,EF0,0,0,0,0,0.0,0.0,52.51832544274113,True
2022,11,33.18,-94.652,33.2064,-94.6241,EF3,0,0,0,0,0.0,0.0,110.96956632801306,True
2022,11,35.228,-94.099,35.23,-94.082,EFU,0,0,0,0,0.0,0.0,24.856844688139688,True
2022,11,33.3163,-94.5625,33.506,-94.4142,EF3,0,0,0,0,7000000.0,0.0,117.46150754627381,True
2022,11,33.888,-95.464,34.117,-95.296,EF2,0,0,1,0,900000.0,0.0,185.72757429624738,True
2022,11,35.019,-94.272,35.097,-94.242,EF1,0,0,0,0,400000.0,0.0,31.266056492711904,True
2022,11,32.9829,-94.645,33.1882,-94.4096,EF2,0,0,0,0,2000000.0,0.0,95.67908653525761,True
2022,11,36.307,-93.489,36.391,-93.377,EF1,0,0,0,0,200000.0,0.0,103.52102236625736,True
2022,9,28.083,-80.8669,28.1249,-80.8841,EF0,0,0,0,0,0.0,0.0,21.10633626341325,True
2022,11,34.0178,-93.9763,34.0988,-93.873,EF2,0,0,0,0,200000.0,0.0,145.83620203552155,True
2022,9,42.575,-77.614,42.561,-77.583,EF1,0,0,0,0,55000.0,0.0,100.6461390234344,True
2022,11,32.3166,-93.9581,32.3179,-93.9365,EF0,0,0,0,0,3000.0,0.0,18.525421764497448,True
2022,11,37.95,-77.11,37.97,-77.11,EF0,0,0,0,0,10000.0,0.0,107.80782581449193,True
2022,11,37.97,-77.11,37.99,-77.1,EF0,0,0,0,0,50000.0,0.0,110.02393951162679,True
2022,11,36.93,-77.62,36.96,-77.615,EF0,0,0,0,0,15000.0,0.0,54.75204872901345,True
2022,9,42.1518,-75.1843,42.1548,-75.1398,EF1,0,0,0,0,85000.0,0.0,66.1732325891585,True
2022,6,27.5,-80.5,27.46,-80.47,EF0,0,0,0,0,10000.0,0.0,69.83991305166684,True
2022,7,36.61,-81.01,36.59,-80.98,EF1,0,0,0,0,20000.0,0.0,80.07088773295239,True
2022,6,27.3075,-80.3013,27.3042,-80.2772,EF0,0,0,0,0,210000.0,0.0,96.08236449498223,True
2022,10,27.57,-80.37,27.56,-80.36,EF0,0,0,0,0,142240.0,0.0,66.54639638489839,True
2022,12,28.4337,-82.462,28.4681,-82.3088,EF0,0,0,0,0,50000.0,0.0,81.21179365149801,True
2022,8,40.2497,-89.6847,40.2462,-89.6785,EF0,0,0,0,0,0.0,0.0,31.54016664140247,True
2022,5,35.964,-98.151,35.977,-98.148,EF0,0,0,0,0,0.0,0.0,86.4052092047006,True
2022,5,35.536,-98.592,35.547,-98.567,EF0,0,0,0,0,30000.0,0.0,121.18870569985936,True
2022,12,34.741,-97.746,34.743,-97.736,EF2,0,0,0,0,75000.0,0.0,78.43073210257354,True
2022,6,27.51,-80.38,27.51,-80.38,EF0,0,0,0,0,0.0,0.0,72.2844285024342,True
2022,3,41.9024,-92.6332,41.9585,-92.4852,EF2,0,0,0,0,200000.0,0.0,92.28725994880514,True
2022,5,35.967,-98.163,35.975,-98.162,EF0,0,0,0,0,0.0,0.0,86.10471050126115,True
2022,4,31.9613,-89.8453,31.9544,-89.8341,EF1,0,0,0,0,50000.0,0.0,37.781730322704405,True
2022,3,41.8624,-92.7148,41.8767,-92.6869,EF0,0,0,0,0,500.0,0.0,84.8299575255863,True
2022,8,40.1441,-89.1966,40.1247,-89.1718,EF1,0,0,0,0,0.0,0.0,11.936786038586055,True
2022,12,28.431,-82.4729,28.4338,-82.462,EF1,0,0,0,0,50000.0,0.0,80.99727936531585,True
2022,7,42.62,-78.33,42.65,-78.14,EF2,0,0,0,0,750000.0,0.0,49.37537820950626,True
2022,4,32.291,-89.729,32.2931,-89.6241,EF1,0,0,0,0,25000.0,0.0,24.043530691264436,True
2022,4,32.8454,-89.1077,32.93,-89.053,EF1,0,0,0,0,30000.0,0.0,103.45772103211297,True
2022,4,32.932,-89.053,33.041,-88.814,EF1,0,0,0,0,125000.0,0.0,113.43846511814198,True
2022,4,32.1753,-89.1721,32.18,-88.915,EF1,0,0,0,0,40000.0,0.0,77.29321453230195,True
2022,4,32.7922,-89.3297,32.796,-89.32,EF0,0,0,0,0,2000.0,0.0,83.73177061442158,True
2022,6,38.7746,-88.2455,38.76,-88.17,EF1,0,0,0,0,0.0,0.0,72.9764367980652,True
2022,12,35.158,-99.91,35.158,-99.91,EFU,0,0,0,0,0.0,0.0,122.88127011715646,True
2022,4,32.796,-89.318,32.8715,-89.1729,EF1,0,0,0,0,25000.0,0.0,84.82329104838296,True
2022,4,32.18,-88.913,32.224,-88.7,EF2,0,0,0,0,400000.0,0.0,101.39210119175094,True
2022,6,38.9,-98.66,38.9003,-98.6582,EFU,0,0,0,0,0.0,0.0,159.0894013988984,True
2022,6,38.86,-98.58,38.8601,-98.5786,EFU,0,0,0,0,0.0,0.0,162.86703960756637,True
2022,6,38.93,-98.39,38.93,-98.3894,EFU,0,0,0,0,0.0,0.0,154.7171943320389,True
2022,6,47.5707,-99.8147,47.5735,-99.8114,EFU,0,0,0,0,0.0,0.0,114.10169140715333,True
2022,6,39.882,-110.7445,39.9118,-110.7389,EF2,0,0,0,0,0.0,0.0,210.392916084729,True
2022,7,38.02,-103.46,38.0162,-103.4019,EF0,0,0,0,0,0.0,0.0,213.89815070684477,True
2022,6,38.88,-98.23,38.8801,-98.2294,EFU,0,0,0,0,0.0,0.0,152.61286618198656,True
2022,6,38.84,-97.87,38.8401,-97.8692,EFU,0,0,0,0,0.0,0.0,136.99871657913707,True
2022,6,38.87,-97.91,38.8702,-97.9083,EFU,0,0,0,0,0.0,0.0,141.1780547533243,True
2022,7,36.0588,-95.7617,36.07,-95.71,EF1,0,0,0,0,25000.0,0.0,21.95144379362216,True
2022,6,43.8935,-90.5149,44.061,-90.312,EF2,0,0,2,0,700000.0,0.0,54.78364313091802,True
2022,6,45.61,-118.91,45.61,-118.9095,EFU,0,0,0,0,0.0,0.0,9.996112020935785,True
2022,6,40.95,-102.52,40.95,-102.52,EFU,0,0,0,0,0.0,0.0,189.30874774787395,True
2022,6,40.96,-102.48,40.96,-102.48,EFU,0,0,0,0,0.0,0.0,189.1240256835472,True
2022,6,43.7794,-90.0921,43.847,-89.957,EF1,0,0,0,0,775000.0,0.0,88.33091344639274,True
2022,6,40.74,-102.34,40.74,-102.34,EFU,0,0,0,0,0.0,0.0,162.09463534784783,True
2022,6,40.53,-102.24,40.53,-102.24,EFU,0,0,0,0,0.0,0.0,137.26582874827966,True
2022,6,43.5848,-90.5438,43.6248,-90.4504,EF1,0,0,0,0,300000.0,0.0,58.37489124379362,True
2022,6,39.9,-104.69,39.9,-104.69,EFU,0,0,0,0,0.0,0.0,17.62042232613817,True
2022,6,40.1009,-101.5758,40.1113,-101.5391,EFU,0,0,0,0,0.0,0.0,82.30371966348976,True
2022,12,34.91,-97.318,34.961,-97.282,EF2,0,0,0,0,75000.0,0.0,47.183236854903,True
2022,12,34.961,-97.282,34.969,-97.271,EF1,0,0,0,0,5000.0,0.0,41.371877063987796,True
2022,12,34.938,-97.116,34.944,-97.11,EF0,0,0,0,0,5000.0,0.0,46.3246394687594,True
2022,12,34.511,-97.34,34.553,-97.287,EF1,0,0,0,0,5000.0,0.0,91.58380648090612,True
2022,6,38.02,-77.93,37.99,-77.92,EF0,0,0,0,0,15000.0,0.0,113.07228021584194,True
2022,6,37.91,-78.13,37.866,-78.089,EF1,0,0,0,0,15000.0,0.0,131.08653358726212,True
2022,6,37.866,-78.089,37.67,-77.88,EF1,0,0,0,0,100000.0,0.0,134.09858258472536,True
2022,8,36.67,-113.64,36.67,-113.64,EFU,0,0,0,0,0.0,0.0,123.46230100223995,True
2022,6,37.68,-77.946,37.64,-77.89,EF0,0,0,0,0,10000.0,0.0,113.47473107487896,True
2022,6,37.89,-78.18,37.823,-78.117,EF0,0,0,0,0,10000.0,0.0,134.99305378741403,True
2022,6,39.8011,-100.505,39.7739,-100.4535,EFU,0,0,0,0,0.0,0.0,113.23605974242635,True
2022,12,31.3039,-83.9463,31.329,-83.9309,EF2,0,0,0,0,1000000.0,0.0,101.00927249065947,True
2022,6,44.1219,-101.556,44.1219,-101.556,EF0,0,0,0,0,0.0,0.0,101.6900080493058,True
2022,6,37.823,-78.117,37.68,-77.946,EF0,0,0,0,0,25000.0,0.0,135.3144554449041,True
2022,4,33.041,-88.812,33.0706,-88.7956,EF0,0,0,0,0,15000.0,0.0,105.18266822079202,True
2022,4,32.227,-88.7,32.2976,-88.4532,EF2,0,0,0,0,300000.0,0.0,120.92781946074172,True
2022,4,32.2878,-89.792,32.291,-89.731,EF1,0,0,0,0,10000.0,0.0,18.11125339711625,True
2022,6,40.3409,-85.646,40.3362,-85.6371,EF0,0,0,0,0,115000.0,0.0,88.7549268405339,True
2022,6,45.2945,-88.013,45.3729,-87.9391,EF1,0,0,0,0,0.0,0.0,88.83450612452904,True
2022,6,45.5032,-88.1329,45.5467,-87.9685,EF1,0,0,0,0,0.0,0.0,111.71734770771718,True
2022,6,34.72,-112.26,34.72,-112.26,EF0,0,0,0,0,0.0,0.0,98.44991492819878,True
2022,6,38.2,-103.33,38.1561,-103.3017,EFU,0,0,0,0,0.0,0.0,191.8062957764573,True
2022,6,37.97,-102.62,37.9189,-102.5224,EFU,0,0,0,0,0.0,0.0,174.6515294306876,True
2022,6,38.1289,-96.1381,38.1239,-96.1336,EF0,0,0,0,0,0.0,0.0,96.86989276147942,True
2022,6,38.9642,-102.4477,38.9559,-102.4398,EFU,0,0,0,0,0.0,0.0,78.47040491814086,True
2022,6,37.61,-102.13,37.5243,-102.088,EFU,0,0,0,0,0.0,0.0,190.90659846816612,True
2022,6,37.61,-102.26,37.5015,-102.2056,EFU,0,0,0,0,0.0,0.0,201.34397279968553,True
2022,6,39.0942,-83.2835,39.0901,-83.249,EF1,0,0,0,0,250000.0,0.0,58.83483930909773,True
2022,12,34.523,-97.973,34.525,-97.968,EF1,0,0,0,0,3000.0,0.0,93.75781374615401,True
2022,6,39.3666,-82.6353,39.3591,-82.5681,EF1,0,0,0,0,500.0,0.0,102.12023514095351,True
2022,6,35.16,-111.27,35.16,-111.27,EF0,0,0,0,0,0.0,0.0,65.45004755615135,True
2022,6,39.3263,-82.3178,39.3254,-82.3061,EF0,0,0,0,0,250.0,0.0,124.09801618201624,True
2022,6,34.24,-80.02,34.22,-79.96,EF0,0,0,0,0,0.0,0.0,106.22434981858787,True
2022,6,39.9704,-102.5017,39.9542,-102.4362,EFU,0,0,0,0,0.0,0.0,95.95780285862618,True
2022,6,39.6219,-102.2559,39.6159,-102.2463,EFU,0,0,0,0,0.0,0.0,55.46929507529696,True
2022,6,39.9384,-84.4772,39.9372,-84.431,EF1,0,0,0,0,100000.0,0.0,80.41445245232654,True
2022,6,39.9734,-83.9863,39.9598,-83.6673,EF1,0,0,0,0,500000.0,0.0,63.097626489716504,True
2022,6,26.89,-82.29,26.8907,-82.2895,EF0,0,0,0,0,0.0,0.0,91.3261698810469,True
2022,6,39.3316,-82.3533,39.3345,-82.3464,EF1,0,0,0,0,1500.0,0.0,125.93657864279497,True
2022,6,39.6405,-85.6188,39.6583,-85.4388,EF1,0,0,0,0,185000.0,0.0,57.100097881753264,True
2022,6,37.5099,-99.9904,37.5136,-99.9898,EF0,0,0,0,0,0.0,0.0,27.966417617445334,True
2022,6,34.71,-78.84,34.7,-78.84,EF0,0,0,0,0,0.0,0.0,88.58397467506262,True
2022,6,40.17,-83.7498,40.1768,-83.6424,EF0,0,0,0,0,150000.0,0.0,83.5919194943148,True
2022,6,39.9916,-102.3526,39.9955,-102.3087,EFU,0,0,0,0,0.0,0.0,89.11208239405605,True
2022,6,44.1799,-89.0045,44.2351,-88.9511,EF1,0,0,0,0,645000.0,0.0,79.39814428791624,True
2022,6,44.8141,-89.1262,44.908,-88.9879,EF1,0,0,0,0,0.0,0.0,87.61918355264564,True
2022,6,44.9245,-88.9435,44.9289,-88.9333,EF1,0,0,0,0,0.0,0.0,81.05014644959938,True
2022,6,44.4673,-88.94,44.4923,-88.888,EF1,0,0,0,0,0.0,0.0,65.85100091062806,True
2022,6,44.5712,-88.5323,44.59,-88.512,EF1,0,0,0,0,0.0,0.0,34.34688014040732,True
2022,6,44.59,-88.512,44.6645,-88.4288,EF1,0,0,0,0,0.0,0.0,33.356380673313716,True
2022,6,44.4449,-88.4702,44.5078,-88.304,EF0,0,0,0,0,0.0,0.0,29.113315473936023,True
2022,6,45.391,-88.2852,45.4083,-88.256,EF2,0,0,0,0,4000000.0,0.0,100.16962340518967,True
2022,6,45.6787,-87.7955,45.6821,-87.783,EF1,0,0,0,0,0.0,0.0,96.67899213376747,True
2022,6,42.0016,-88.0813,41.9909,-88.0744,EF0,0,0,0,0,0.0,0.0,44.16294401338729,True
2022,6,39.0044,-83.8102,39.0122,-83.7723,EF0,0,0,0,0,40000.0,0.0,46.25317315964475,True
2022,6,39.3748,-82.7371,39.3666,-82.6353,EF2,0,0,0,0,50000.0,0.0,93.32956952324912,True
2022,6,38.11,-102.96,38.1016,-102.8591,EFU,0,0,0,0,0.0,0.0,177.39955033208665,True
2022,6,38.01,-103.4,37.9997,-103.3042,EFU,0,0,0,0,0.0,0.0,211.01329739849893,True
2022,6,42.0459,-88.1784,42.0432,-88.1774,EF0,0,0,0,0,0.0,0.0,49.70168010652264,True
2022,6,41.9909,-88.0744,41.9747,-88.0606,EF0,0,0,0,0,0.0,0.0,42.98045015239234,True
2022,6,39.9692,-84.362,39.9922,-84.104,EF2,0,0,0,0,1000000.0,0.0,76.56991862985147,True
2022,6,39.1788,-99.7945,39.1591,-99.7926,EFU,0,0,0,0,0.0,0.0,158.40013572859388,True
2022,6,44.061,-90.312,44.1163,-90.1818,EF2,0,0,0,0,100000.0,0.0,75.20467172296364,True
2022,6,38.15,-103.16,38.1237,-103.0907,EF0,0,0,0,0,5000.0,0.0,185.2811443852175,True
2022,6,35.83,-104.47,35.8285,-104.4672,EF0,0,0,0,0,0.0,0.0,226.13194836156111,True
2022,4,38.364,-97.2239,38.3643,-97.2209,EF0,0,0,0,0,0.0,0.0,81.20195726266063,True
2022,5,35.16,-96.79,35.17,-96.78,EFU,0,0,0,0,0.0,0.0,48.291849164471564,True
2022,11,32.3972,-91.0795,32.4001,-91.0735,EFU,0,0,0,0,0.0,0.0,103.70132773796347,True
2022,5,35.204,-96.943,35.213,-96.904,EF1,0,0,0,0,10000.0,0.0,33.60795037442886,True
2022,9,36.84,-109.85,36.9513,-109.839,EF0,0,0,0,0,0.0,0.0,279.4887993035505,True
2022,6,42.68,-102.69,42.68,-102.69,EFU,0,0,0,0,0.0,0.0,161.04195546882855,True
2022,4,38.6011,-97.1507,38.6087,-97.138,EF1,0,0,0,0,0.0,0.0,90.93342779627469,True
2022,5,35.302,-96.499,35.351,-96.441,EF1,0,0,0,0,100000.0,0.0,70.74065490660317,True
2022,3,33.902,-90.8206,34.0005,-90.7499,EF1,0,0,0,0,60000.0,0.0,168.20852715164472,True
2022,3,33.7434,-90.7231,33.7502,-90.7086,EF1,0,0,1,0,110000.0,0.0,176.69811748996503,True
2022,3,33.1008,-88.4691,33.2105,-88.3316,EF2,0,0,2,0,250000.0,0.0,89.46892158744699,True
2022,3,32.5338,-89.5993,32.5394,-89.5731,EF0,0,0,0,0,5000.0,5000.0,45.866768132244964,True
2022,3,32.366,-90.6169,32.3633,-90.4841,EF2,0,0,0,0,225000.0,0.0,60.19362429262858,True
2022,3,32.313,-90.704,32.35,-90.56,EF1,0,0,0,0,125000.0,0.0,67.73261673853987,True
2022,3,32.3848,-90.4129,32.3942,-90.3569,EF1,0,0,0,0,15000.0,0.0,41.90907147689082,True
2022,4,32.464,-90.964,32.461,-90.861,EF1,0,0,0,0,30000.0,0.0,94.2420417015319,True
2022,7,47.0981,-110.2759,47.0946,-110.2496,EF0,0,0,0,0,0.0,0.0,92.8462961574041,True
2022,3,31.9095,-88.6071,31.9523,-88.5699,EF1,0,0,0,0,20000.0,0.0,136.12885630656535,True
2022,8,39.9206,-80.3382,39.9093,-80.3212,EF0,0,0,0,0,200000.0,5000.0,68.70953472580761,True
2022,8,48.3058,-108.9603,48.3254,-108.9005,EF0,0,0,0,0,0.0,0.0,173.26146745288915,True
2022,3,33.57,-88.6414,33.68,-88.55,EF1,0,0,0,0,100000.0,0.0,46.4209537873421,True
2022,3,32.528,-90.45,32.5562,-90.3455,EF1,0,0,0,0,50000.0,0.0,51.679996135527794,True
2022,3,32.5676,-90.3164,32.5717,-90.2724,EF1,0,0,0,0,75000.0,0.0,44.64947536190087,True
2022,5,35.257,-96.796,35.264,-96.795,EF2,0,0,0,0,200000.0,0.0,44.53190450775839,True
2022,5,34.9035,-98.993,34.9035,-98.993,EFU,0,0,0,0,0.0,0.0,60.209488311427634,True
2022,5,35.326,-96.509,35.344,-96.487,EF1,0,0,0,0,30000.0,0.0,69.74310626374967,True
2022,3,32.28,-90.8,32.313,-90.704,EF1,0,0,0,0,50000.0,0.0,76.6702582938552,True
2022,3,32.8692,-90.2486,32.8705,-90.2246,EF1,0,0,0,0,40000.0,0.0,70.0369656063416,True
2022,3,32.4212,-90.2125,32.4504,-90.1341,EF1,0,0,0,0,75000.0,0.0,26.561192143968317,True
2022,3,32.3938,-91.1901,32.447,-91.076,EF2,0,0,0,0,200000.0,0.0,113.97651946076797,True
2022,3,32.517,-90.45,32.5174,-90.4488,EF1,0,0,0,0,2000.0,0.0,51.040072734671604,True
2022,3,32.4839,-90.5914,32.517,-90.45,EF2,0,0,0,0,0.0,50000.0,61.340090194168795,True
2022,5,35.261,-96.793,35.255,-96.777,EF1,0,0,0,0,10000.0,0.0,44.71635443827462,True
2022,5,34.012,-96.417,34.012,-96.417,EF0,0,0,0,0,0.0,0.0,166.6526648959372,True
2022,3,32.398,-91.05,32.385,-90.999,EF1,0,0,0,0,5000.0,0.0,100.96353475990138,True
2022,3,32.8799,-89.5716,32.931,-89.512,EF2,0,0,0,0,700000.0,0.0,77.11085760313624,True
2022,3,31.145,-89.4044,31.201,-89.349,EF0,0,0,0,0,25000.0,0.0,118.35087476391675,True
2022,5,35.128,-96.855,35.153,-96.779,EF0,0,0,0,0,100000.0,0.0,44.65685929501094,True
2022,5,35.284,-96.612,35.306,-96.589,EF0,0,0,0,0,0.0,0.0,60.65627808149442,True
2022,5,34.296,-98.918,34.315,-98.84,EF1,0,0,0,0,10000.0,0.0,9.12053006763337,True
2022,5,34.2488,-98.8319,34.2591,-98.8195,EFU,0,0,0,0,0.0,0.0,18.323971182735736,True
2022,3,32.5176,-90.4939,32.528,-90.45,EF1,0,0,0,0,20000.0,0.0,54.64330273119911,True
2022,3,32.9109,-90.0413,32.98,-89.887,EF1,0,0,0,0,600000.0,50000.0,70.35592161711556,True
2022,3,33.119,-90.1513,33.1829,-90.048,EF1,0,0,0,0,50000.0,0.0,94.59110266196889,True
2022,3,31.958,-90.4496,31.9616,-90.3667,EF0,0,0,0,0,75000.0,0.0,56.576810908729854,True
2022,5,33.962,-99.476,34.127,-99.377,EF3,0,0,0,0,100000.0,0.0,63.96055126333377,True
2022,5,35.255,-96.777,35.261,-96.715,EF0,0,0,0,0,0.0,0.0,46.2677965050865,True
2022,3,32.98,-89.887,33.0178,-89.8333,EF1,0,0,0,0,0.0,15000.0,78.37056227750776,True
2022,3,32.4756,-90.813,32.4799,-90.7946,EF0,0,0,0,0,15000.0,0.0,80.79117081627797,True
2022,3,32.6211,-90.5901,32.6272,-90.5799,EFU,0,0,0,0,0.0,0.0,68.32525653610162,True
2022,3,32.7092,-90.1494,32.7593,-90.0542,EF1,0,0,0,0,10000.0,0.0,50.17089323244541,True
2022,4,32.4644,-90.9808,32.464,-90.964,EF1,0,0,0,0,15000.0,0.0,95.7920673031935,True
2022,3,32.543,-89.9943,32.562,-89.9068,EF1,0,0,0,0,20000.0,0.0,29.260020919044106,True
2022,3,32.2233,-88.7066,32.225,-88.705,EF0,0,0,0,0,2000.0,0.0,120.33122233565014,True
2022,3,32.6583,-90.3375,32.66,-90.263,EF1,0,0,0,0,10000.0,0.0,53.540575089462585,True
2022,3,32.66,-90.263,32.66,-90.246,EFU,0,0,0,0,0.0,0.0,49.6829149477396,True
2022,3,32.4563,-90.6253,32.465,-90.6,EF1,0,0,0,0,10000.0,0.0,63.300612384301076,True
2022,3,32.3336,-90.2051,32.341,-90.117,EF1,0,0,0,0,250000.0,0.0,21.577781775740036,True
2022,3,32.385,-90.999,32.39,-90.94,EFU,0,0,0,0,0.0,0.0,96.03521496545683,True
2022,3,32.48,-91.0,32.48,-90.99,EF0,0,0,0,0,25000.0,0.0,97.92542553292789,True
2022,3,32.66,-90.246,32.66,-90.245,EFU,0,0,0,0,0.0,0.0,48.862912984265215,True
2022,3,33.026,-89.7981,33.0314,-89.7725,EF1,0,0,0,0,15000.0,0.0,84.76704407530568,True
2022,3,33.2742,-90.2428,33.332,-90.17,EF1,0,0,1,0,130000.0,0.0,113.15893211930579,True
2022,5,33.87,-99.9,33.9,-99.748,EF0,0,0,0,0,0.0,0.0,101.09573070508578,True
2022,5,33.935,-99.616,33.962,-99.476,EF0,0,0,0,0,0.0,0.0,75.61602161496731,True
2022,11,31.8216,-85.7711,31.8181,-85.7474,EF0,0,0,0,0,0.0,0.0,49.82535053786981,True
2022,4,32.461,-90.861,32.4626,-90.8085,EF1,0,0,0,0,10000.0,0.0,84.74720714708492,True
2022,11,33.6806,-86.064,33.6878,-86.0539,EF0,0,0,0,0,0.0,0.0,86.53497515255758,True
2022,11,32.0608,-87.9057,32.1638,-87.6753,EF1,0,0,0,0,0.0,0.0,156.83935145211183,True
2022,8,31.33,-89.41,31.3301,-89.4096,EF0,0,0,0,0,0.0,0.0,118.76504281055591,True
2022,11,32.4892,-86.0017,32.5071,-85.8966,EF2,0,0,0,0,0.0,0.0,20.562150929692116,True
2022,11,32.464,-86.21,32.4758,-86.1688,EF2,0,0,0,0,0.0,0.0,40.23041447752981,True
2022,11,32.8445,-87.9401,32.877,-87.822,EF1,0,0,0,0,0.0,0.0,115.0471506655568,True
2022,11,31.7385,-85.4857,31.7409,-85.3736,EF0,0,0,0,0,0.0,0.0,31.00698945448764,True
2022,11,33.6237,-87.383,33.6122,-87.3514,EF0,0,0,0,0,0.0,0.0,75.92551727779058,True
2022,11,32.4385,-86.3318,32.44,-86.323,EF0,0,0,0,0,0.0,0.0,51.998846122059035,True
2022,11,31.6823,-85.7535,31.6881,-85.742,EF0,0,0,0,0,0.0,0.0,37.207387627754635,True
2022,11,32.883,-87.81,32.9362,-87.627,EF1,0,0,0,0,0.0,0.0,102.1647975688647,True
2022,11,33.9149,-86.6725,33.9156,-86.6126,EF0,0,0,0,0,0.0,0.0,83.1032495850506,True
2022,8,27.67,-97.85,27.67,-97.85,EFU,0,0,0,0,0.0,0.0,35.70438949797595,True
2022,4,32.2828,-88.5065,32.2911,-88.4651,EF0,0,0,0,0,30000.0,0.0,138.9376082000839,True
2022,4,33.2864,-88.781,33.3033,-88.7509,EF1,0,0,0,0,1000.0,0.0,79.74815219600278,True
2022,4,33.3793,-88.7226,33.39,-88.672,EF1,0,0,0,0,10000.0,0.0,68.11061435736195,True
2022,4,41.8215,-87.9751,41.837,-87.9453,EF0,0,0,0,0,0.0,0.0,25.785956156185346,True
2022,4,31.9613,-89.8453,31.9544,-89.8341,EF1,0,0,0,0,5000.0,0.0,37.781730322704405,True
2022,4,31.6657,-89.8662,31.6721,-89.8154,EF1,0,0,0,0,40000.0,0.0,69.21048288400443,True
2022,4,32.2996,-89.3324,32.3,-89.324,EF1,0,0,0,0,5000.0,0.0,61.330055193255276,True
2022,4,32.3,-89.322,32.3029,-89.2939,EF0,0,0,0,0,20000.0,0.0,62.308471200522014,True
2022,9,25.9952,-80.2386,26.0665,-80.2856,EF1,0,0,0,0,2000000.0,0.0,46.199090039573164,True
2022,4,32.3226,-89.4313,32.3293,-89.3924,EF1,0,0,0,0,2000.0,0.0,52.203633342818776,True
2022,4,33.2324,-88.8657,33.261,-88.8132,EF1,0,0,0,0,2000.0,0.0,89.0549091552661,True
2022,4,33.2636,-88.8424,33.272,-88.8131,EF1,0,0,0,0,3000.0,0.0,84.96671843893505,True
2022,4,31.5631,-89.1551,31.5912,-89.0143,EF1,0,0,0,0,50000.0,0.0,111.71743291314424,True
2022,4,33.39,-88.672,33.4125,-88.5668,EF1,0,0,0,0,30000.0,0.0,64.68484769257428,True
2022,4,33.288,-88.4334,33.3141,-88.4191,EF1,0,0,0,0,20000.0,0.0,68.39225263024966,True
2022,9,25.75,-80.99,25.75,-80.99,EFU,0,0,0,0,0.0,0.0,59.86033443361334,True
2022,9,26.6449,-80.2878,26.7376,-80.3503,EF1,0,0,0,0,200000.0,0.0,115.69214249955755,True
2022,3,33.94,-97.479,34.024,-97.423,EF0,0,0,0,0,20000.0,0.0,145.58985325736944,True
2022,4,31.6955,-89.8325,31.67,-89.757,EF2,0,0,0,0,100000.0,0.0,66.55326439980328,True
2022,9,26.827,-81.0781,26.8376,-81.0912,EF0,0,0,0,0,50000.0,0.0,148.98499858952263,True
2022,9,26.7338,-80.3355,26.7487,-80.3499,EF1,0,0,0,0,50000.0,0.0,125.13922279462753,True
2022,9,25.8075,-80.3511,25.8075,-80.3511,EF0,0,0,0,0,3000.0,0.0,22.7623617821798,True
2022,9,26.1123,-80.3297,26.1131,-80.3297,EF0,0,0,0,0,10000.0,0.0,56.41193774742788,True
2022,9,25.8,-80.72,25.87,-80.75,EFU,0,0,0,0,0.0,0.0,37.27667247234476,True
2022,9,26.26,-80.61,26.3,-80.62,EFU,0,0,0,0,0.0,0.0,74.85280495444789,True
2022,4,33.272,-88.8131,33.2864,-88.781,EF1,0,0,0,0,2000.0,0.0,82.69072031556067,True
2022,4,32.5159,-90.7829,32.5286,-90.7676,EF1,0,0,0,0,10000.0,0.0,79.42192052677565,True
2022,4,42.3516,-88.8716,42.3555,-88.8642,EF0,0,0,0,0,0.0,0.0,73.37226627579487,True
2022,3,41.16,-76.73,41.24,-76.59,EF1,0,0,1,0,300000.0,0.0,110.03705398177154,True
2022,4,31.67,-89.755,31.6683,-89.5853,EF1,0,0,0,0,50000.0,0.0,71.19667401748934,True
2022,4,33.261,-88.8132,33.2868,-88.73,EF1,0,0,0,0,5000.0,0.0,83.72766132292533,True
2022,4,32.2239,-90.181,32.2419,-90.101,EF1,0,0,0,0,25000.0,0.0,19.508098927063116,True
2022,4,33.2246,-88.4875,33.288,-88.4334,EF1,0,0,0,0,300000.0,0.0,76.18297763338919,True
2022,4,31.9392,-88.8424,31.9241,-88.797,EF1,0,0,0,0,150000.0,0.0,114.04286987158831,True
2022,4,31.6392,-89.3953,31.6623,-89.1556,EF1,0,0,0,0,75000.0,0.0,90.36561235865229,True
2022,9,26.0047,-80.192,26.0977,-80.2523,EF0,0,0,0,0,5000.0,0.0,49.096810750457884,True
2022,3,33.8695,-96.7966,33.9,-96.766,EF2,0,0,0,0,500000.0,0.0,151.6924473352209,True
2022,3,33.97,-96.714,34.088,-96.609,EF1,0,0,0,0,500000.0,0.0,160.09555062866056,True
2022,3,33.963,-96.664,33.994,-96.638,EF0,0,0,0,0,0.0,0.0,162.3574785558116,True
2022,4,32.3229,-89.2222,32.3295,-89.154,EF1,0,0,0,0,75000.0,0.0,71.79946142009976,True
2022,4,31.6975,-89.6465,31.677,-89.401,EF1,0,0,0,0,80000.0,0.0,72.18654638127683,True
2022,4,33.2868,-88.73,33.2954,-88.6973,EF0,0,0,0,0,1000.0,0.0,77.33476721927119,True
2022,12,32.55,-89.89,32.5577,-89.8898,EF0,0,0,0,0,1000.0,0.0,31.305166182923305,True
2022,4,42.4745,-88.7432,42.4758,-88.7416,EFU,0,0,0,0,0.0,0.0,57.06222681769857,True
2022,3,34.142,-96.587,34.232,-96.526,EF1,0,0,0,0,100000.0,0.0,146.7092130744859,True
2022,4,31.675,-89.399,31.6662,-89.3663,EF0,0,0,0,0,1000.0,0.0,87.03245889277679,True
2022,4,32.3152,-90.091,32.3324,-90.0481,EF0,0,0,0,0,1000.0,0.0,10.753749051552871,True
2022,4,32.3287,-89.2543,32.3274,-89.2102,EF1,0,0,0,0,5000.0,0.0,68.83499800170988,True
2022,9,26.5282,-80.068,26.5282,-80.068,EF0,0,0,0,0,2000.0,0.0,107.70100644738199,True
2022,9,25.7711,-80.3354,25.7711,-80.3354,EF0,0,0,0,0,3000.0,0.0,19.47424807054519,True
2022,4,31.7763,-89.1332,31.7767,-89.0845,EF1,0,0,0,0,3000.0,0.0,97.85800210741318,True
2022,4,32.2334,-89.6569,32.2485,-89.5287,EF1,0,0,0,0,40000.0,0.0,31.232438572709306,True
2022,4,32.2587,-89.4501,32.28,-89.3752,EF1,0,0,0,0,25000.0,0.0,50.29466262867538,True
2022,12,31.5,-91.27,31.53,-91.2,EF1,0,0,0,0,75000.0,0.0,136.53643715544493,True
2022,12,31.6194,-91.0314,31.6712,-90.9884,EF1,0,0,0,0,50000.0,0.0,123.09715976447977,True
2022,12,31.5366,-89.0408,31.5904,-89.0134,EF1,0,0,0,0,20000.0,0.0,121.51772005641875,True
2022,12,32.6,-91.0,32.66,-90.929,EF0,0,0,0,0,10000.0,0.0,101.72922250116568,True
2022,12,32.66,-90.929,32.7,-90.87,EF2,0,0,0,0,400000.0,0.0,98.16988789583422,True
2022,12,32.18,-91.54,32.2,-91.52,EF1,0,0,0,0,20000.0,0.0,146.7385876525262,True
2022,12,32.2,-91.52,32.3,-91.41,EF1,0,0,0,0,250000.0,35000.0,144.69333827875232,True
2022,12,33.7232,-97.0697,33.7265,-97.0631,EF0,0,0,0,0,30000.0,0.0,129.75470113833276,True
2022,12,32.7693,-97.4337,32.7778,-97.4245,EF0,0,0,0,0,50000.0,0.0,25.03851908694583,True
2022,12,32.7945,-97.4096,32.797,-97.4085,EF1,0,0,0,0,1000.0,0.0,26.592678629857875,True
2022,12,32.8294,-97.3387,32.8316,-97.3334,EF0,0,0,0,0,1000.0,0.0,28.729396985423886,True
2022,12,32.97,-90.84,32.98,-90.82,EF2,0,0,3,0,1000000.0,0.0,110.93411373527277,True
2022,12,30.584,-94.2611,30.59,-94.26,EF1,0,0,0,0,15000.0,0.0,112.51463310181934,True
2022,12,30.053,-84.548,30.114,-84.484,EF1,0,0,0,0,50000.0,0.0,43.7091125701401,True
2022,12,32.0834,-90.3164,32.0927,-90.3082,EF0,0,0,0,0,1000.0,0.0,38.12952250423016,True
2022,12,36.6843,-100.524,36.6885,-100.5133,EF0,0,0,0,0,0.0,0.0,129.40231459554883,True
2022,12,30.678,-86.029,30.7,-86.02,EF0,0,0,0,0,0.0,0.0,16.226351142166806,True
2022,12,30.07,-84.92,30.12,-84.905,EF0,0,0,0,0,0.0,0.0,67.46046659394442,True
2022,12,29.9233,-84.7343,29.9281,-84.7338,EF0,0,0,0,0,0.0,0.0,65.56951475376681,True
2022,12,30.274,-84.348,30.292,-84.334,EF0,0,0,0,0,0.0,0.0,13.853394975277673,True
2022,12,32.8785,-98.0565,32.8848,-98.0397,EF0,0,0,0,0,0.0,0.0,78.2446341229209,True
2022,12,32.3323,-94.2154,32.366,-94.173,EF2,0,0,0,0,25000.0,0.0,37.5222030991143,True
2022,12,32.772,-92.4683,32.8477,-92.3409,EF3,0,0,14,0,1200000.0,0.0,133.46129319635716,True
2022,12,36.6188,-100.6606,36.629,-100.6426,EFU,0,0,0,0,0.0,0.0,140.99673964517393,True
2022,12,32.3698,-88.2732,32.4133,-88.2201,EF1,0,0,0,0,0.0,0.0,161.10132122210467,True
2022,12,32.221,-94.0102,32.2569,-93.969,EF2,2,0,2,0,500000.0,0.0,30.084720783825244,True
2022,12,31.774,-89.7638,31.8021,-89.7369,EF1,0,0,0,0,25000.0,0.0,59.98511834770296,True
2022,12,31.7392,-89.8187,31.774,-89.7638,EF1,0,0,0,0,25000.0,0.0,62.1305284890895,True
2022,12,32.45,-88.915,32.4511,-88.9122,EF0,0,0,0,0,1000.0,0.0,102.20626155477984,True
2022,12,31.3966,-89.1829,31.4179,-89.1618,EF2,0,0,0,0,100000.0,0.0,120.14136474762857,True
2022,12,30.9884,-89.3195,31.0247,-89.2697,EF1,0,0,0,0,40000.0,0.0,108.66830414027574,True
2022,12,32.5514,-89.8921,32.558,-89.89,EF0,0,0,0,0,1000.0,0.0,31.399491799123858,True
2022,12,32.558,-89.89,32.6691,-89.8274,EF1,0,0,0,0,50000.0,0.0,32.159190960817355,True
2022,12,32.1999,-89.7911,32.2198,-89.7359,EF2,0,0,0,0,700000.0,0.0,20.24749958811534,True
2022,12,32.1908,-89.2098,32.224,-89.174,EF0,0,0,0,0,10000.0,0.0,73.53106126961148,True
2022,12,33.24,-90.5,33.27,-90.46,EF1,0,0,0,0,100000.0,0.0,117.12901152190936,True
2022,12,31.3986,-89.1701,31.4014,-89.169,EF0,0,0,0,0,40000.0,0.0,119.38015404498974,True
2022,12,32.2762,-89.4567,32.3351,-89.4044,EF1,0,0,0,0,40000.0,10000.0,49.61538818818497,True
2022,12,31.375,-90.5529,31.3859,-90.4055,EF1,0,0,0,0,75000.0,0.0,96.12287101916459,True
2022,12,32.3767,-89.3496,32.3838,-89.3377,EF1,0,0,0,0,50000.0,0.0,60.61069148451036,True
2022,12,29.9275,-90.0403,29.946,-90.0121,EF2,0,0,4,0,50000000.0,0.0,74.69087839271924,True
2022,12,29.8773,-90.1239,29.9275,-90.0403,EF2,0,0,2,0,50000000.0,0.0,76.44079979033603,True
2022,12,29.946,-90.0121,29.9668,-89.9804,EF2,0,0,4,0,50000000.0,0.0,74.23128032297905,True
2022,12,30.3908,-88.9702,30.4163,-88.9451,EF1,0,0,0,0,0.0,0.0,76.97161182495833,True
2022,12,32.224,-89.174,32.45,-88.915,EF2,0,0,0,0,300000.0,0.0,76.46630731309592,True
2022,12,33.12,-90.19,33.19,-90.14,EF0,0,0,0,0,10000.0,0.0,95.36467474915136,True
2022,12,31.92,-90.17,31.938,-90.1616,EF1,0,0,0,0,5000.0,0.0,43.67879483920113,True
2022,12,31.8708,-90.2328,31.92,-90.17,EF1,0,0,0,0,5000.0,0.0,51.16469074089202,True
2022,12,32.1036,-89.9048,32.1585,-89.8951,EF0,0,0,0,0,50000.0,0.0,20.9966427767164,True
2022,12,32.3137,-88.5528,32.4033,-88.4642,EF1,0,0,0,0,40000.0,0.0,134.61404296010699,True
2022,12,31.899,-88.6554,32.1305,-88.4696,EF2,0,0,0,0,300000.0,0.0,132.17597405993254,True
2022,10,30.46,-89.29,30.48,-89.31,EF0,0,0,0,0,2000.0,0.0,103.47158802659641,True
2022,10,30.4074,-88.5116,30.48,-88.54,EF0,0,0,0,0,0.0,0.0,39.91171999215641,True
2022,10,30.5976,-88.6424,30.6116,-88.6535,EF1,0,0,0,0,5000.0,0.0,39.58541031849353,True
2022,10,30.6,-88.49,30.65,-88.5,EF0,0,0,0,0,10000.0,0.0,25.521886843618685,True
2022,6,32.234,-90.0298,32.2317,-90.0218,EF0,0,0,0,0,0.0,0.0,6.659186144032718,True
2022,10,30.58,-88.6,30.63,-88.59,EFU,0,0,0,0,0.0,0.0,36.20179983849787,True
2022,11,32.877,-87.822,32.88,-87.815,EFU,0,0,0,0,0.0,0.0,103.44009656561524,True
2022,6,31.5617,-90.3956,31.5308,-90.4107,EF1,0,0,0,0,75000.0,0.0,88.79782395286115,True
2022,11,32.88,-87.815,32.883,-87.81,EFU,0,0,0,0,0.0,0.0,102.71389083412576,True
2022,11,32.44,-86.323,32.464,-86.21,EF2,2,0,2,0,0.0,0.0,51.15643432334204,True
2022,10,30.6877,-88.5766,30.7287,-88.577,EFU,0,0,0,0,0.0,0.0,32.228065607462845,True
2022,9,33.9128,-78.2882,33.9132,-78.3011,EF0,0,0,0,0,0.0,0.0,15.52877032493903,True
2022,8,33.7463,-115.3909,33.7484,-115.3925,EFU,0,0,0,0,0.0,0.0,155.00318533780435,True
2022,8,28.03,-97.69,28.03,-97.69,EFU,0,0,0,0,0.0,0.0,32.541319471979165,True
2022,1,34.5748,-86.7943,34.5768,-86.7893,EF0,0,0,0,0,1000.0,0.0,76.02948008999616,True
2022,8,32.12,-110.88,32.12,-110.88,EF0,0,0,0,0,0.0,0.0,34.47001266512142,True
2022,12,30.725,-89.3626,30.738,-89.3502,EF0,0,0,0,0,5000.0,0.0,102.55015354541092,True
2022,12,29.5651,-90.7226,29.5823,-90.7041,EF0,0,0,0,0,100000.0,0.0,110.3867387223452,True
2022,12,30.58,-90.37,30.66,-90.31,EF1,0,0,0,0,5000.0,0.0,7.6114061173528,True
2022,12,30.45,-89.97,30.53,-89.88,EF0,0,0,0,0,0.0,0.0,42.621799981319015,True
2022,12,29.9017,-89.5915,29.9403,-89.5428,EFU,0,0,0,0,0.0,0.0,104.24689788741792,True
2022,12,29.55,-89.73,29.63,-89.65,EFU,0,0,0,0,0.0,0.0,126.00001174533976,True
2022,12,30.723,-89.3658,30.744,-89.3415,EF0,0,0,0,0,0.0,10000.0,102.20323056727823,True
2022,12,29.98,-90.52,30.06,-90.39,EF2,1,0,8,0,250000.0,0.0,60.96779362197284,True
2022,11,30.5557,-89.8584,30.5982,-89.8509,EF1,0,0,0,0,0.0,0.0,52.73160969354078,True
2022,11,31.1116,-90.548,31.117,-90.4469,EF1,0,0,0,0,50000.0,0.0,67.1827498963082,True
2022,11,29.8575,-90.4491,29.8834,-90.4369,EF1,0,0,0,0,35000.0,0.0,73.7311736190309,True
2022,11,31.0943,-90.6537,31.1116,-90.548,EF1,0,0,0,0,150000.0,0.0,68.09554320089715,True
