YEAR,MONTH,BEGIN_LAT,BEGIN_LON,END_LAT,END_LON,TOR_F_SCALE,DEATHS_DIRECT,DEATHS_INDIRECT,INJURIES_DIRECT,INJURIES_INDIRECT,DAMAGE_PROPERTY,DAMAGE_CROPS,RADAR_2026
2016,6,41.3669,-88.71,41.3406,-88.592,EF2,0,0,0,0,0.0,0.0,True
2016,1,31.9388,-90.2981,31.9662,-90.2578,EF0,0,0,0,0,17000.0,0.0,True
2016,1,32.2624,-89.5387,32.2645,-89.503,EF0,0,0,0,0,9000.0,0.0,True
2016,7,44.3935,-92.3456,44.3938,-92.3439,EF1,0,0,0,0,5000.0,0.0,True
2016,8,41.222,-84.6813,41.2527,-84.646,EF2,0,0,0,0,0.0,0.0,True
2016,8,41.3823,-84.2161,41.4115,-84.1786,EF1,0,0,0,0,0.0,0.0,True
2016,6,43.35,-95.3205,43.354,-95.316,EF0,0,0,0,0,1000.0,0.0,True
2016,2,30.8601,-84.3365,30.9679,-84.1607,EF1,0,0,0,0,20000.0,0.0,True
2016,5,41.0091,-103.1043,41.0026,-103.1007,EF0,0,0,0,0,0.0,0.0,True
2016,5,41.0722,-103.1209,41.0727,-103.1051,EF0,0,0,0,0,0.0,0.0,True
2016,2,31.4151,-84.9804,31.4383,-84.9539,EF1,0,0,0,0,0.0,0.0,True
2016,2,31.6405,-84.42,31.7026,-84.3734,EF1,0,0,0,0,0.0,0.0,True
2016,2,31.8496,-84.0279,31.8519,-84.0257,EF1,0,0,0,0,50000.0,0.0,True
2016,6,39.1559,-79.9642,39.1551,-79.9575,EF1,0,0,0,0,20000.0,0.0,True
2016,7,47.6611,-117.5603,47.6611,-117.5603,EF0,0,0,0,0,0.0,0.0,True
2016,5,48.39,-104.49,48.39,-104.5,EF0,0,0,0,0,0.0,0.0,True
2016,2,31.2642,-85.4491,31.2735,-85.4238,EF1,0,0,0,0,50000.0,0.0,True
2016,2,31.2651,-85.4106,31.3085,-85.3752,EF1,0,0,0,0,75000.0,0.0,True
2016,2,31.436,-85.2071,31.4386,-85.2011,EF0,0,0,0,0,0.0,0.0,True
2016,9,39.9728,-88.0739,39.9991,-87.9608,EF2,0,0,0,0,800000.0,100000.0,True
2016,3,41.5342,-90.3616,41.5918,-90.3277,EF2,0,0,10,0,750000.0,0.0,True
2016,2,31.3531,-85.3769,31.3644,-85.3639,EF1,0,0,0,0,50000.0,0.0,True
2016,5,39.133,-99.1814,39.1385,-99.1822,EF2,0,0,0,0,2000.0,0.0,True
2016,2,31.2479,-85.5317,31.2519,-85.5152,EF1,0,0,0,0,0.0,0.0,True
2016,2,31.195,-85.6067,31.2028,-85.5609,EF0,0,0,0,0,50000.0,0.0,True
2016,2,31.2579,-85.4858,31.2711,-85.4551,EF1,0,0,0,0,0.0,0.0,True
2016,5,39.1367,-99.1623,39.1739,-99.1407,EF1,0,0,0,0,15000.0,0.0,True
2016,2,30.1606,-92.8538,30.1679,-92.844,EF0,0,0,0,0,0.0,0.0,True
2016,2,31.497,-85.157,31.5007,-85.1497,EF1,0,0,0,0,0.0,0.0,True
2016,6,27.852,-81.576,27.844,-81.583,EF0,0,0,0,0,5000.0,0.0,True
2016,2,31.2519,-85.5152,31.2579,-85.4858,EF0,0,0,0,0,0.0,0.0,True
2016,3,33.5082,-91.4509,33.5455,-91.3499,EF1,0,0,1,0,2500000.0,0.0,True
2016,6,43.9812,-96.3452,44.0359,-96.3463,EF0,0,0,0,0,0.0,0.0,True
2016,4,27.9977,-82.8285,27.9976,-82.8263,EF0,0,0,0,0,5000.0,0.0,True
2016,4,28.2994,-82.67,28.2997,-82.7206,EF0,0,0,0,0,100000.0,0.0,True
2016,3,30.7979,-90.6077,30.7996,-90.6055,EF1,0,0,0,0,0.0,0.0,True
2016,3,30.8168,-90.5397,30.8728,-90.4978,EF1,0,0,0,0,0.0,0.0,True
2016,2,31.4574,-86.6181,31.5136,-86.5786,EF1,0,0,1,0,100000.0,0.0,True
2016,1,26.57,-82.037,26.575,-81.983,EF2,0,0,3,0,2000000.0,0.0,True
2016,1,31.3241,-89.6506,31.3425,-89.5432,EF2,0,0,0,0,65000.0,0.0,True
2016,1,31.6989,-90.5212,31.7334,-90.4597,EF1,0,0,0,0,155000.0,0.0,True
2016,1,24.7315,-81.0139,24.7324,-81.0128,EF0,0,0,0,0,2000.0,0.0,True
2016,1,26.5503,-81.9126,26.552,-81.9102,EF1,0,0,0,0,200000.0,0.0,True
2016,1,27.0873,-80.1497,27.0963,-80.1416,EF1,0,0,0,0,100000.0,0.0,True
2016,3,31.529,-86.7244,31.5313,-86.7185,EF0,0,0,0,0,8000.0,0.0,True
2016,2,34.998,-78.089,35.0056,-78.0864,EF0,0,0,0,0,5000.0,0.0,True
2016,2,27.65,-82.06,27.654,-82.0456,EF0,0,0,0,0,0.0,0.0,True
2016,2,27.0071,-82.1425,27.01,-82.1409,EF0,0,0,0,0,50000.0,0.0,True
2016,2,26.9991,-82.0391,27.0313,-82.0136,EF1,0,0,1,0,1600000.0,0.0,True
2016,2,30.2195,-90.4354,30.2266,-90.3833,EF1,0,0,0,0,0.0,0.0,True
2016,2,33.8779,-88.021,33.93,-87.9856,EF1,0,0,0,0,0.0,0.0,True
2016,2,33.3956,-88.1635,33.4336,-88.107,EF0,0,0,0,0,0.0,0.0,True
2016,2,34.8206,-76.4499,34.8807,-76.4358,EF1,0,0,0,0,100000.0,0.0,True
2016,2,27.54,-82.2,27.54,-82.06,EF1,0,0,0,0,0.0,0.0,True
2016,2,35.7673,-89.1677,35.801,-89.1456,EF1,0,0,1,0,150000.0,0.0,True
2016,2,33.3941,-87.9672,33.4627,-87.98,EF0,0,0,0,0,0.0,0.0,True
2016,1,27.253,-82.5396,27.2663,-82.5284,EF2,0,0,2,0,12000000.0,0.0,True
2016,1,27.538,-82.219,27.642,-82.126,EF2,2,0,4,0,150000.0,0.0,True
2016,4,31.24,-82.66,31.25,-82.62,EF1,0,0,0,0,0.0,0.0,True
2016,2,34.2265,-87.9189,34.258,-87.9267,EF1,0,0,0,0,0.0,0.0,True
2016,2,33.1593,-86.6673,33.1675,-86.6507,EF0,0,0,0,0,0.0,0.0,True
2016,2,31.4358,-88.5273,31.4426,-88.5111,EF1,0,0,0,0,100000.0,0.0,True
2016,4,31.619,-84.8746,31.6063,-84.8179,EF1,0,0,0,0,0.0,0.0,True
2016,2,30.5333,-87.1318,30.5563,-87.0956,EF1,0,0,0,0,75000.0,0.0,True
2016,1,30.8969,-86.1972,30.9335,-86.1691,EF0,0,0,0,0,0.0,0.0,True
2016,1,30.3563,-85.3032,30.3698,-85.2913,EF0,0,0,0,0,0.0,0.0,True
2016,2,32.3762,-90.3166,32.3809,-90.3096,EF0,0,0,0,0,3000.0,0.0,True
2016,2,33.0346,-89.2791,33.0499,-89.2398,EF1,0,0,0,0,45000.0,0.0,True
2016,2,32.7303,-88.5776,32.9289,-88.4023,EF2,0,0,0,0,250000.0,0.0,True
2016,2,32.8155,-89.6062,32.8278,-89.5773,EF1,0,0,0,0,800000.0,0.0,True
2016,2,31.696,-90.4023,31.7951,-90.1449,EF2,0,0,0,0,900000.0,0.0,True
2016,4,39.305,-89.5999,39.3295,-89.513,EF0,0,0,0,0,0.0,0.0,True
2016,2,31.9468,-89.6273,31.9621,-89.5964,EF0,0,0,0,0,15000.0,0.0,True
2016,2,32.9289,-88.4023,32.9446,-88.3861,EF0,0,0,0,0,20000.0,0.0,True
2016,2,36.3496,-78.5443,36.3761,-78.5115,EF2,0,0,0,0,500000.0,0.0,True
2016,2,31.7951,-90.1449,31.8844,-89.9357,EF1,0,0,0,0,60000.0,0.0,True
2016,2,31.9934,-89.4087,32.0158,-89.3706,EF1,0,0,0,0,250000.0,0.0,True
2016,3,37.1357,-96.5858,37.1329,-96.5774,EF0,0,0,0,0,0.0,0.0,True
2016,4,38.6822,-90.9558,38.6822,-90.9498,EF0,0,0,0,0,0.0,0.0,True
2016,3,32.0833,-98.3435,32.0859,-98.3396,EF0,0,0,0,0,130000.0,0.0,True
2016,3,32.2055,-98.2172,32.2368,-98.2108,EF1,0,0,0,0,500000.0,0.0,True
2016,4,32.349,-94.2631,32.41,-94.2003,EF1,0,0,0,0,0.0,0.0,True
2016,2,32.4685,-88.8749,32.5775,-88.761,EF2,0,0,0,0,1450000.0,0.0,True
2016,2,35.2169,-77.9213,35.2273,-77.9086,EF0,0,0,0,0,50000.0,0.0,True
2016,2,31.0024,-89.7044,31.0359,-89.7021,EF1,0,0,0,0,25000.0,0.0,True
2016,2,31.0586,-89.6481,31.0586,-89.6481,EF0,0,0,0,0,5000.0,0.0,True
2016,3,32.4571,-97.7586,32.4571,-97.7586,EF0,0,0,0,0,4000.0,0.0,True
2016,3,39.882,-84.4272,39.9249,-84.4221,EF1,0,0,0,0,250000.0,0.0,True
2016,2,32.0506,-89.3413,32.0641,-89.3224,EF1,0,0,0,0,8000.0,0.0,True
2016,2,31.2265,-89.423,31.244,-89.4104,EF1,0,0,0,0,10000.0,0.0,True
2016,2,30.9574,-89.3334,30.9989,-89.2884,EF0,0,0,0,0,15000.0,0.0,True
2016,2,36.3759,-78.5105,36.395,-78.4727,EF2,0,0,0,0,100000.0,0.0,True
2016,2,30.0732,-90.5067,30.0982,-90.4337,EF2,0,0,17,0,0.0,0.0,True
2016,2,41.7153,-76.2871,41.7302,-76.2797,EF1,0,0,0,0,25000.0,0.0,True
2016,3,31.07,-84.27,31.0721,-84.2657,EF0,0,0,0,0,2000.0,0.0,True
2016,3,36.6784,-93.578,36.6492,-93.6221,EF1,0,0,0,0,0.0,0.0,True
2016,3,39.9615,-84.5441,39.9939,-84.5397,EF1,0,0,0,0,75000.0,0.0,True
2016,4,28.29,-99.0,28.2898,-98.9999,EF0,0,0,0,0,0.0,0.0,True
2016,2,31.1157,-89.5159,31.1822,-89.4608,EF2,1,0,0,0,105000.0,0.0,True
2016,2,32.8184,-90.2652,32.8283,-90.2492,EF0,0,0,0,0,25000.0,0.0,True
2016,2,31.7717,-90.0531,31.7773,-90.0448,EF0,0,0,0,0,13000.0,0.0,True
2016,5,27.9722,-97.4104,27.9717,-97.4013,EF0,0,0,0,0,50000.0,0.0,True
2016,2,32.2352,-86.0243,32.2636,-85.9989,EF0,0,0,0,0,0.0,0.0,True
2016,2,36.0594,-78.945,36.0629,-78.9386,EF1,0,0,0,0,100000.0,0.0,True
2016,4,31.8142,-95.0391,31.8268,-95.0288,EF1,0,0,0,0,15000.0,0.0,True
2016,3,36.551,-88.3257,36.5544,-88.3219,EF0,0,0,0,0,30000.0,0.0,True
2016,2,33.5399,-87.9153,33.6239,-87.8815,EF1,0,0,0,0,0.0,0.0,True
2016,4,32.6301,-94.3715,32.6585,-94.2627,EF1,0,0,0,0,30000.0,0.0,True
2016,2,32.4706,-85.1857,32.4778,-85.1836,EF0,0,0,0,0,0.0,0.0,True
2016,4,31.598,-95.116,31.696,-95.075,EF2,0,0,0,0,700000.0,0.0,True
2016,2,33.0273,-88.3177,33.3401,-88.0636,EF2,0,0,1,0,0.0,0.0,True
2016,2,32.3952,-85.2546,32.4706,-85.1857,EF0,0,0,0,0,0.0,0.0,True
2016,2,31.6617,-85.8398,31.6855,-85.7599,EF1,0,0,0,0,0.0,0.0,True
2016,3,37.1179,-87.3237,37.1211,-87.318,EF0,0,0,0,0,1000.0,0.0,True
2016,2,32.4,-85.3476,32.4493,-85.2538,EF1,0,0,0,0,0.0,0.0,True
2016,2,40.01,-76.0297,40.0676,-75.9766,EF2,0,0,0,0,8000000.0,0.0,True
2016,2,32.5775,-88.761,32.7072,-88.6457,EF1,0,0,0,0,35000.0,0.0,True
2016,2,31.3955,-90.5334,31.4018,-90.531,EF1,0,0,0,0,40000.0,0.0,True
2016,4,32.5007,-95.3712,32.5738,-95.2789,EF2,0,0,2,0,300000.0,0.0,True
2016,4,32.7292,-95.1529,32.7977,-95.1026,EF1,0,0,0,0,0.0,0.0,True
2016,2,29.2382,-95.8865,29.2575,-95.8613,EF0,0,0,0,0,0.0,0.0,True
2016,2,32.0641,-89.3224,32.1967,-89.1606,EF1,0,0,0,0,600000.0,0.0,True
2016,2,30.9533,-91.9219,30.9562,-91.9176,EF0,0,0,0,0,10000.0,0.0,True
2016,3,32.0112,-96.1692,32.0378,-96.1602,EF1,0,0,0,0,70000.0,0.0,True
2016,3,30.1915,-93.186,30.1912,-93.1837,EF1,0,0,0,0,7000.0,0.0,True
2016,4,32.5738,-95.2789,32.7292,-95.1529,EF1,0,0,0,0,75000.0,0.0,True
2016,2,32.2441,-89.157,32.3041,-89.0577,EF1,0,0,0,0,120000.0,0.0,True
2016,2,35.7989,-80.3185,35.8031,-80.3009,EF0,0,0,0,0,25000.0,0.0,True
2016,3,32.1285,-96.0874,32.1687,-96.0101,EF0,0,0,0,0,200000.0,0.0,True
2016,3,35.9651,-88.1419,35.9752,-88.1082,EF1,0,0,0,0,25000.0,0.0,True
2016,3,37.05,-87.5779,37.05,-87.5163,EF0,0,0,0,0,6000.0,0.0,True
2016,2,35.8451,-80.1522,35.8583,-80.1273,EF1,0,0,0,0,100000.0,0.0,True
2016,3,35.5957,-87.6105,35.5891,-87.6008,EF0,0,0,0,0,5000.0,0.0,True
2016,3,35.5344,-87.6875,35.5315,-87.6813,EF0,0,0,0,0,5000.0,0.0,True
2016,3,36.9801,-87.6681,37.05,-87.402,EF2,0,0,0,0,1000000.0,0.0,True
2016,3,37.6511,-87.1286,37.6452,-87.0749,EF1,0,0,0,0,100000.0,0.0,True
2016,2,32.98,-88.57,33.0594,-88.507,EF1,0,0,0,0,170000.0,0.0,True
2016,2,32.6071,-89.1547,32.6168,-89.1524,EF1,0,0,0,0,22000.0,0.0,True
2016,2,29.8177,-91.538,29.8455,-91.5082,EF1,0,0,0,0,40000.0,0.0,True
2016,3,39.9773,-84.4653,39.9882,-84.4646,EF0,0,0,0,0,20000.0,0.0,True
2016,4,32.5287,-94.1199,32.6039,-94.077,EF1,0,0,0,0,50000.0,0.0,True
2016,5,33.9647,-95.9914,33.9861,-95.9379,EF2,0,0,0,0,0.0,0.0,True
2016,3,36.6784,-93.578,36.6852,-93.5695,EF1,0,0,0,0,0.0,0.0,True
2016,5,34.419,-96.492,34.42,-96.484,EF0,0,0,0,0,0.0,0.0,True
2016,3,35.0756,-88.2889,35.0793,-88.2629,EF1,0,0,0,0,25000.0,0.0,True
2016,3,39.694,-84.5835,39.7105,-84.582,EF1,0,0,0,0,60000.0,0.0,True
2016,3,39.9782,-84.4268,39.9881,-84.427,EF0,0,0,0,0,75000.0,0.0,True
2016,2,36.1953,-76.7638,36.2012,-76.7591,EF0,0,0,0,0,25000.0,0.0,True
2016,3,35.5523,-87.7379,35.5344,-87.6875,EF0,0,0,0,0,15000.0,0.0,True
2016,3,34.5391,-90.9558,34.5584,-90.911,EF0,0,0,0,0,25000.0,0.0,True
2016,3,35.3298,-90.5826,35.3439,-90.5524,EF1,0,0,0,0,25000.0,0.0,True
2016,3,41.3747,-86.8731,41.3748,-86.8714,EF0,0,0,0,0,75000.0,0.0,True
2016,5,38.0628,-101.1347,38.0918,-101.1713,EF1,0,0,0,0,0.0,0.0,True
2016,5,38.1383,-101.1782,38.2035,-101.1981,EF0,0,0,0,0,0.0,0.0,True
2016,4,30.7403,-94.0229,30.7551,-93.9898,EF1,0,0,0,0,7000.0,0.0,True
2016,4,40.9737,-95.048,40.9978,-95.0415,EF1,0,0,0,0,0.0,0.0,True
2016,4,31.6063,-84.8179,31.5646,-84.6296,EF2,0,0,5,0,150000.0,0.0,True
2016,4,27.9723,-82.7178,27.9689,-82.7054,EF0,0,0,0,0,100000.0,0.0,True
2016,2,37.2283,-78.8641,37.2318,-78.8576,EF0,0,0,0,0,10000.0,0.0,True
2016,3,41.7925,-86.1027,41.8,-86.0787,EF0,0,0,0,0,100000.0,0.0,True
2016,4,37.6886,-87.1343,37.733,-87.0828,EF0,0,0,0,0,100000.0,0.0,True
2016,4,37.7682,-87.0605,37.7887,-87.0149,EF1,0,0,0,0,75000.0,0.0,True
2016,4,37.1758,-101.7153,37.2178,-101.6803,EF0,0,0,0,0,0.0,0.0,True
2016,4,30.8207,-91.9543,30.8242,-91.9475,EF1,0,0,0,0,4000.0,0.0,True
2016,3,36.2151,-96.0151,36.218,-96.0013,EF1,0,0,0,0,75000.0,0.0,True
2016,3,36.218,-96.0013,36.2358,-95.8153,EF2,0,0,7,0,2000000.0,0.0,True
2016,4,37.2626,-87.5092,37.2645,-87.5044,EF0,0,0,0,0,0.0,0.0,True
2016,4,37.5207,-87.5219,37.5234,-87.5,EF0,0,0,0,0,0.0,0.0,True
2016,4,39.0114,-88.7644,39.0117,-88.7635,EF0,0,0,0,0,0.0,0.0,True
2016,4,38.756,-88.0792,38.7572,-88.0787,EF0,0,0,0,0,0.0,0.0,True
2016,4,38.984,-96.5904,38.984,-96.5904,EF0,0,0,0,0,0.0,0.0,True
2016,2,30.8707,-87.381,30.9968,-87.2281,EF3,0,0,3,0,5000000.0,0.0,True
2016,3,36.7291,-95.5523,36.7408,-95.5062,EF1,0,0,0,0,75000.0,0.0,True
2016,3,36.2358,-95.8153,36.2765,-95.6677,EF1,0,0,0,0,750000.0,0.0,True
2016,3,36.284,-95.6384,36.3134,-95.5328,EF2,0,0,0,0,1000000.0,0.0,True
2016,5,38.6044,-100.5899,38.6142,-100.5725,EF0,0,0,0,0,0.0,0.0,True
2016,3,33.8767,-86.6247,33.8801,-86.621,EF1,0,0,0,0,0.0,0.0,True
2016,3,32.5338,-85.3794,32.5444,-85.3416,EF0,0,0,0,0,0.0,0.0,True
2016,4,39.1307,-95.8304,39.1307,-95.8304,EF0,0,0,0,0,0.0,0.0,True
2016,2,30.9968,-87.2281,31.0401,-87.1863,EF2,0,0,0,0,750000.0,0.0,True
2016,3,36.8151,-95.3178,36.8317,-95.2751,EF0,0,0,0,0,0.0,0.0,True
2016,4,36.8628,-94.6139,36.866,-94.5996,EF1,0,0,0,0,50000.0,0.0,True
2016,4,32.5993,-100.7865,32.6072,-100.774,EF0,0,0,0,0,0.0,0.0,True
2016,3,40.6828,-90.4443,40.699,-90.4165,EF1,0,0,0,0,15000.0,0.0,True
2016,5,38.2619,-100.1344,38.3348,-100.0077,EF3,0,0,0,0,0.0,0.0,True
2016,5,38.2611,-101.1868,38.2643,-101.1968,EF1,0,0,0,0,0.0,0.0,True
2016,3,39.7404,-89.8153,39.7738,-89.7627,EF1,0,0,0,0,280000.0,0.0,True
2016,5,38.5773,-100.5311,38.5887,-100.5265,EF0,0,0,0,0,0.0,0.0,True
2016,4,33.2593,-93.4685,33.2659,-93.464,EF1,0,0,0,0,0.0,0.0,True
2016,3,37.1211,-87.318,37.1488,-87.2442,EF0,0,0,0,0,3000.0,0.0,True
2016,4,33.25,-93.0941,33.243,-93.0754,EF0,0,0,0,0,25000.0,0.0,True
2016,3,40.7304,-89.6491,40.7602,-89.5908,EF0,0,0,0,0,260000.0,0.0,True
2016,5,38.6356,-100.3196,38.6361,-100.3191,EF0,0,0,0,0,0.0,0.0,True
2016,3,31.1384,-89.4195,31.1423,-89.3955,EF1,0,0,0,0,70000.0,0.0,True
2016,3,41.4102,-85.3924,41.413,-85.3833,EF1,0,0,0,0,0.0,0.0,True
2016,5,37.5031,-100.1355,37.6862,-100.2077,EF3,0,0,1,0,0.0,0.0,True
2016,5,37.5342,-100.0931,37.5435,-100.0907,EF0,0,0,0,0,0.0,0.0,True
2016,5,38.3054,-100.3457,38.3114,-100.3332,EF0,0,0,0,0,0.0,0.0,True
2016,5,38.4185,-100.2717,38.397,-100.2582,EF0,0,0,0,0,0.0,0.0,True
2016,4,37.1345,-93.3621,37.1348,-93.358,EF0,0,0,0,0,100000.0,0.0,True
2016,4,33.3868,-93.2945,33.3888,-93.2885,EF1,0,0,0,0,0.0,0.0,True
2016,4,30.5879,-102.7235,30.5547,-102.6205,EF0,0,0,0,0,0.0,0.0,True
2016,3,40.7135,-89.9146,40.7594,-89.7838,EF2,0,0,0,0,1000000.0,0.0,True
2016,5,38.2902,-101.1258,38.2952,-101.0972,EF0,0,0,0,0,0.0,0.0,True
2016,5,38.2837,-101.0218,38.2985,-100.9402,EF1,0,0,0,0,0.0,0.0,True
2016,5,38.6042,-99.8561,38.6162,-99.8525,EF0,0,0,0,0,0.0,0.0,True
2016,3,32.028,-89.5409,32.0368,-89.5228,EF0,0,0,0,0,20000.0,0.0,True
2016,3,33.4497,-91.4455,33.4702,-91.4411,EF1,0,0,0,0,150000.0,0.0,True
2016,3,40.7463,-86.9763,40.7691,-86.925,EF0,0,0,0,0,0.0,0.0,True
2016,4,32.4991,-95.4076,32.5105,-95.4008,EF2,0,0,0,0,500000.0,0.0,True
2016,3,33.7469,-90.7459,33.7513,-90.7387,EF0,0,0,0,0,40000.0,0.0,True
2016,3,34.567,-93.438,34.5913,-93.4339,EF1,0,0,0,0,200000.0,0.0,True
2016,3,34.8529,-94.2451,34.9041,-94.1877,EF1,0,0,0,0,150000.0,0.0,True
2016,3,34.9355,-92.6487,34.9389,-92.6418,EF0,0,0,0,0,5000.0,0.0,True
2016,3,34.9445,-92.6206,34.9389,-92.6418,EF0,0,0,0,0,5000.0,0.0,True
2016,3,40.8085,-85.8807,40.813,-85.8678,EF1,0,0,0,0,0.0,0.0,True
2016,4,39.8628,-97.6327,39.9404,-97.425,EF1,0,0,2,0,0.0,0.0,True
2016,4,39.82,-94.13,39.88,-94.11,EF0,0,0,0,0,0.0,0.0,True
2016,4,35.71,-97.33,35.725,-97.31,EF0,0,0,0,0,4000.0,0.0,True
2016,4,35.725,-97.31,35.744,-97.28,EF0,0,0,0,0,0.0,0.0,True
2016,5,38.5046,-100.3449,38.5151,-100.324,EF0,0,0,0,0,0.0,0.0,True
2016,5,38.5388,-100.4444,38.5641,-100.4573,EF0,0,0,0,0,0.0,0.0,True
2016,3,34.145,-91.7451,34.1521,-91.7405,EF0,0,0,0,0,8000.0,0.0,True
2016,3,34.2329,-91.4714,34.245,-91.4543,EF0,0,0,0,0,0.0,0.0,True
2016,5,38.237,-100.1663,38.2619,-100.1344,EF0,0,0,0,0,0.0,0.0,True
2016,4,31.2614,-94.1245,31.2795,-94.0758,EF1,0,0,0,0,100000.0,0.0,True
2016,3,34.4136,-91.2137,34.4293,-91.204,EF0,0,0,0,0,8000.0,0.0,True
2016,3,33.5505,-91.3498,33.5702,-91.3113,EF1,0,0,0,0,5000.0,0.0,True
2016,4,31.17,-82.91,31.19,-82.78,EF1,0,0,0,0,0.0,0.0,True
2016,5,38.6301,-100.5489,38.6309,-100.5473,EF0,0,0,0,0,0.0,0.0,True
2016,2,31.2724,-86.8483,31.2932,-86.8204,EF2,0,0,0,0,750000.0,0.0,True
2016,4,33.2781,-100.7754,33.2796,-100.7745,EF0,0,0,0,0,0.0,0.0,True
2016,4,34.3475,-100.8193,34.3475,-100.8193,EF0,0,0,0,0,0.0,0.0,True
2016,3,33.5182,-91.4503,33.5345,-91.3907,EF1,0,0,1,0,110000.0,0.0,True
2016,3,34.6178,-90.8282,34.6337,-90.7644,EF0,0,0,0,0,35000.0,0.0,True
2016,9,40.0449,-87.7278,40.0455,-87.726,EF0,0,0,0,0,0.0,10000.0,True
2016,3,35.6916,-94.5042,35.7109,-94.4851,EF1,0,0,0,0,0.0,0.0,True
2016,3,35.7109,-94.4851,35.7585,-94.4635,EF2,0,0,2,0,75000.0,0.0,True
2016,3,35.7585,-94.4635,35.8293,-94.4104,EF2,0,0,2,0,300000.0,0.0,True
2016,3,33.42,-88.37,33.4601,-88.2836,EF1,0,0,0,0,225000.0,0.0,True
2016,4,33.66,-100.54,33.6612,-100.539,EF0,0,0,0,0,0.0,0.0,True
2016,3,41.4392,-86.7301,41.4442,-86.7133,EF0,0,0,0,0,0.0,0.0,True
2016,3,41.436,-86.679,41.4333,-86.6698,EF0,0,0,0,0,0.0,0.0,True
2016,3,33.8558,-87.7001,33.8924,-87.6545,EF1,0,0,0,0,0.0,0.0,True
2016,4,37.24,-97.61,37.2534,-97.6004,EF0,0,0,0,0,0.0,0.0,True
2016,4,41.2742,-96.1195,41.2837,-96.1208,EF1,0,0,0,0,0.0,0.0,True
2016,4,33.58,-100.62,33.5889,-100.6135,EF0,0,0,0,0,0.0,0.0,True
2016,3,31.0333,-86.7249,31.0337,-86.7226,EF1,0,0,0,0,15000.0,0.0,True
2016,2,36.5985,-80.5038,36.616,-80.491,EF1,0,0,0,0,205000.0,140000.0,True
2016,3,33.651,-87.5288,33.6644,-87.5004,EF0,0,0,0,0,0.0,0.0,True
2016,4,33.2428,-93.472,33.2593,-93.4685,EF1,0,0,0,0,0.0,0.0,True
2016,4,30.7679,-94.4145,30.7649,-94.4034,EF1,0,0,0,0,10000.0,0.0,True
2016,4,41.3022,-96.1342,41.3025,-96.1343,EF0,0,0,0,0,0.0,0.0,True
2016,4,41.3226,-96.147,41.3248,-96.149,EF0,0,0,0,0,0.0,0.0,True
2016,4,41.3889,-96.6872,41.3914,-96.6886,EF0,0,0,0,0,0.0,0.0,True
2016,5,38.48,-87.1532,38.4704,-87.0741,EF1,0,0,0,0,50000.0,0.0,True
2016,5,36.7551,-88.7525,36.8113,-88.4842,EF3,0,0,10,0,3500000.0,0.0,True
2016,4,38.3743,-102.8185,38.4299,-102.8225,EFU,0,0,0,0,0.0,0.0,True
2016,4,38.4046,-102.8083,38.4118,-102.8082,EFU,0,0,0,0,0.0,0.0,True
2016,4,38.4773,-102.7234,38.4944,-102.7191,EFU,0,0,0,0,0.0,0.0,True
2016,4,38.1773,-102.7907,38.1852,-102.7865,EFU,0,0,0,0,0.0,0.0,True
2016,4,34.905,-96.693,34.913,-96.658,EF1,0,0,0,0,20000.0,0.0,True
2016,4,39.9122,-99.0499,39.9157,-99.0464,EF0,0,0,0,0,0.0,0.0,True
2016,4,38.6947,-91.2761,38.6828,-91.176,EF1,0,0,0,0,0.0,0.0,True
2016,4,39.27,-91.6658,39.275,-91.6288,EF0,0,0,0,0,0.0,0.0,True
2016,9,41.4261,-96.0976,41.4261,-96.0964,EF0,0,0,0,0,0.0,0.0,True
2016,5,36.8113,-88.4842,36.8349,-88.4246,EF1,0,0,0,0,50000.0,0.0,True
2016,5,40.7552,-92.5004,40.7563,-92.5065,EF0,0,0,0,0,0.0,0.0,True
2016,8,43.5649,-75.4457,43.5649,-75.45,EF0,0,0,0,0,8000.0,0.0,True
2016,5,37.1132,-87.3479,37.1227,-87.3197,EF1,0,0,0,0,10000.0,0.0,True
2016,5,43.01,-95.87,43.01,-95.869,EF0,0,0,0,0,0.0,0.0,True
2016,5,38.6184,-101.4068,38.6199,-101.4053,EF0,0,0,0,0,0.0,0.0,True
2016,5,37.9348,-89.0394,37.9348,-89.0394,EF0,0,0,0,0,0.0,0.0,True
2016,5,41.7661,-94.6819,41.7797,-94.7044,EF0,0,0,0,0,0.0,0.0,True
2016,5,35.9085,-96.4836,35.8638,-96.3629,EF1,0,0,0,0,750000.0,0.0,True
2016,4,36.454,-96.5556,36.496,-96.5113,EF1,0,0,0,0,0.0,0.0,True
2016,3,33.7762,-87.8708,33.8233,-87.8403,EF1,0,0,0,0,0.0,0.0,True
2016,5,33.6413,-94.6154,33.6434,-94.6153,EF1,0,0,0,0,0.0,0.0,True
2016,5,38.6279,-101.3972,38.6296,-101.3949,EF0,0,0,0,0,0.0,0.0,True
2016,5,38.6761,-101.3447,38.6772,-101.3433,EF0,0,0,0,0,0.0,0.0,True
2016,5,38.6767,-101.374,38.6777,-101.366,EF0,0,0,0,0,0.0,0.0,True
2016,5,35.7108,-95.83,35.7243,-95.8027,EF1,0,0,0,0,5000.0,0.0,True
2016,5,43.26,-96.86,43.261,-96.859,EF0,0,0,0,0,0.0,0.0,True
2016,5,33.6108,-94.6584,33.6399,-94.6522,EF1,0,0,0,0,10000.0,0.0,True
2016,5,38.54,-102.08,38.5388,-102.0794,EFU,0,0,0,0,0.0,0.0,True
2016,5,38.2102,-87.287,38.2102,-87.287,EF0,0,0,0,0,0.0,0.0,True
2016,1,36.9381,-121.3815,36.9402,-121.3708,EF0,0,0,0,0,0.0,75000.0,True
2016,4,33.0303,-99.8271,33.0298,-99.8017,EF0,0,0,0,0,0.0,0.0,True
2016,4,36.5072,-96.4493,36.5615,-96.3444,EF1,0,0,0,0,15000.0,0.0,True
2016,5,29.7823,-90.0259,29.7823,-90.0259,EF0,0,0,0,0,0.0,0.0,True
2016,5,42.61,-95.98,42.611,-95.979,EF0,0,0,0,0,0.0,0.0,True
2016,5,37.6281,-100.1146,37.6308,-100.1136,EF0,0,0,0,0,0.0,0.0,True
2016,5,37.6601,-100.0816,37.6971,-100.0815,EF0,0,0,0,0,0.0,0.0,True
2016,5,37.7003,-100.0855,37.7142,-100.0704,EF1,0,0,0,0,0.0,0.0,True
2016,5,34.66,-100.7,34.63,-100.59,EF2,0,0,0,0,150000.0,0.0,True
2016,4,32.6256,-100.4174,32.6426,-100.4111,EF0,0,0,0,0,0.0,0.0,True
2016,4,36.3425,-94.4462,36.3616,-94.2823,EF1,0,0,0,0,50000.0,0.0,True
2016,4,36.3805,-94.2817,36.3785,-94.2456,EF1,0,0,0,0,30000.0,0.0,True
2016,4,36.1765,-96.3296,36.217,-96.2478,EF1,0,0,0,0,50000.0,0.0,True
2016,4,36.217,-96.2478,36.2326,-96.2258,EF1,0,0,0,0,100000.0,0.0,True
2016,4,40.3034,-92.2399,40.3037,-92.2396,EF0,0,0,0,0,0.0,0.0,True
2016,5,37.6182,-100.091,37.6371,-100.0892,EF1,0,0,0,0,0.0,0.0,True
2016,5,38.338,-100.0412,38.3721,-100.0267,EF1,0,0,0,0,0.0,0.0,True
2016,5,37.9134,-100.1255,37.9265,-100.1148,EF0,0,0,0,0,0.0,0.0,True
2016,5,37.7922,-100.0695,37.7942,-100.0696,EF0,0,0,0,0,0.0,0.0,True
2016,5,38.4058,-99.9547,38.4155,-99.8446,EF0,0,0,0,0,0.0,0.0,True
2016,5,34.593,-96.884,34.595,-96.859,EF2,0,0,0,0,0.0,0.0,True
2016,5,38.4645,-102.0629,38.4589,-102.0459,EFU,0,0,0,0,0.0,0.0,True
2016,5,38.4845,-102.08,38.4767,-102.0765,EFU,0,0,0,0,0.0,0.0,True
2016,5,37.573,-88.2832,37.573,-88.2832,EF0,0,0,0,0,0.0,0.0,True
2016,4,34.792,-98.315,34.814,-98.258,EF1,0,0,0,0,10000.0,0.0,True
2016,4,32.296,-86.2387,32.2809,-86.1384,EF0,0,0,0,0,0.0,0.0,True
2016,4,35.4087,-94.2595,35.4339,-94.2293,EF1,0,0,0,0,50000.0,0.0,True
2016,4,35.3185,-94.0778,35.3262,-94.0217,EF1,0,0,0,0,10000.0,0.0,True
2016,4,36.0246,-93.9386,36.063,-93.8385,EF1,0,0,0,0,250000.0,0.0,True
2016,4,35.9751,-96.2571,36.0071,-96.1651,EF1,0,0,0,0,20000.0,0.0,True
2016,4,36.0926,-96.006,36.103,-95.9389,EF1,0,0,0,0,150000.0,0.0,True
2016,5,40.1701,-86.917,40.1701,-86.917,EF0,0,0,0,0,0.0,0.0,True
2016,5,37.8614,-100.0489,37.8838,-100.0301,EF3,0,0,0,0,0.0,0.0,True
2016,5,38.4415,-99.8154,38.4246,-99.8041,EF0,0,0,0,0,0.0,0.0,True
2016,5,37.7859,-99.4057,37.8252,-99.3494,EF1,0,0,0,0,0.0,0.0,True
2016,5,37.9765,-99.9408,38.0155,-99.9036,EF0,0,0,0,0,0.0,0.0,True
2016,5,37.7947,-99.3725,37.8243,-99.2827,EF2,0,0,0,0,0.0,0.0,True
2016,5,32.1571,-101.5585,32.1674,-101.5355,EF0,0,0,0,0,0.0,0.0,True
2016,4,34.9,-98.044,34.962,-97.853,EF1,0,0,0,0,35000.0,0.0,True
2016,4,34.873,-98.128,34.873,-98.128,EF0,0,0,0,0,2000.0,0.0,True
2016,4,32.2579,-85.9388,32.2503,-85.8879,EF0,0,0,0,0,0.0,0.0,True
2016,4,32.1341,-86.0133,32.1324,-86.002,EF0,0,0,0,0,0.0,0.0,True
2016,4,32.5347,-85.5247,32.5352,-85.5125,EF0,0,0,0,0,0.0,0.0,True
2016,4,35.4862,-93.9555,35.5415,-93.8754,EF0,0,0,0,0,100000.0,0.0,True
2016,4,35.9412,-95.8952,35.9503,-95.8485,EF1,0,0,0,0,100000.0,0.0,True
2016,4,35.9792,-95.7744,35.9819,-95.7617,EF1,0,0,0,0,10000.0,0.0,True
2016,3,34.4679,-86.9299,34.5537,-86.8052,EF2,0,0,0,0,0.0,0.0,True
2016,5,32.1076,-101.48,32.1069,-101.5192,EF0,0,0,0,0,0.0,0.0,True
2016,5,32.08,-101.5654,32.0832,-101.5579,EF0,0,0,0,0,0.0,0.0,True
2016,5,32.0391,-101.5283,32.0094,-101.4896,EF2,0,0,0,0,15000.0,0.0,True
2016,4,32.54,-85.4183,32.5311,-85.3385,EF0,0,0,0,0,0.0,0.0,True
2016,4,32.1271,-85.5662,32.1174,-85.4352,EF2,0,0,0,0,0.0,0.0,True
2016,4,35.9819,-95.7617,35.9826,-95.758,EF0,0,0,0,0,0.0,0.0,True
2016,4,35.468,-95.5312,35.5019,-95.4061,EF1,0,0,0,0,100000.0,0.0,True
2016,3,33.326,-86.9965,33.3182,-86.9015,EF2,0,0,4,0,0.0,0.0,True
2016,3,33.1181,-86.2246,33.1212,-86.1739,EF0,0,0,0,0,0.0,0.0,True
2016,5,34.69,-92.61,34.7042,-92.5699,EF1,0,0,0,0,500000.0,0.0,True
2016,5,37.4214,-88.7051,37.4214,-88.7051,EF0,0,0,0,0,0.0,0.0,True
2016,4,31.6221,-84.8895,31.619,-84.8746,EF0,0,0,0,0,0.0,0.0,True
2016,4,32.4187,-85.2417,32.4184,-85.1158,EF1,0,0,0,0,0.0,0.0,True
2016,4,31.8815,-85.6408,31.8515,-85.5568,EF0,0,0,0,0,0.0,0.0,True
2016,4,30.5284,-94.0183,30.601,-93.8794,EF2,0,0,3,0,50000.0,0.0,True
2016,4,30.601,-93.8794,30.6014,-93.8765,EF0,0,0,0,0,0.0,0.0,True
2016,4,36.6924,-95.2991,36.7315,-95.122,EF0,0,0,0,0,20000.0,0.0,True
2016,4,35.6102,-95.2131,35.6436,-95.1326,EF1,0,0,0,0,50000.0,0.0,True
2016,5,37.6594,-88.0232,37.6766,-87.96,EF1,0,0,0,0,25000.0,0.0,True
2016,5,46.852,-98.5419,46.8652,-98.5309,EF0,0,0,0,0,0.0,0.0,True
2016,5,38.2653,-87.7528,38.2753,-87.7286,EF1,0,0,0,0,5000.0,0.0,True
2016,5,37.1227,-87.3197,37.1562,-87.2699,EF1,0,0,0,0,125000.0,0.0,True
2016,4,40.6538,-94.6087,40.686,-94.6082,EF0,0,0,0,0,0.0,0.0,True
2016,4,40.6682,-94.6057,40.6754,-94.5912,EF0,0,0,0,0,0.0,0.0,True
2016,4,32.0982,-85.2216,32.0964,-85.1992,EF0,0,0,0,0,0.0,0.0,True
2016,2,31.4313,-88.5348,31.4358,-88.5273,EF1,0,0,0,0,100000.0,0.0,True
2016,2,31.2627,-88.7064,31.2797,-88.6902,EF1,0,0,0,0,100000.0,0.0,True
2016,4,36.3815,-95.1287,36.3901,-95.0444,EF0,0,0,0,0,20000.0,0.0,True
2016,4,35.6913,-95.0443,35.7237,-94.9225,EF1,0,0,0,0,150000.0,0.0,True
2016,4,40.0952,-98.18,40.0778,-98.14,EF1,0,0,0,0,4000.0,0.0,True
2016,5,38.4241,-101.0543,38.4353,-101.0426,EF0,0,0,0,0,0.0,0.0,True
2016,5,38.451,-101.0116,38.5064,-101.0056,EF0,0,0,0,0,0.0,0.0,True
2016,5,38.6029,-100.7326,38.6029,-100.7326,EF0,0,0,0,0,0.0,0.0,True
2016,5,38.6067,-100.7222,38.6095,-100.7104,EF0,0,0,0,0,0.0,0.0,True
2016,5,38.1035,-100.082,38.1095,-100.0778,EF0,0,0,0,0,0.0,0.0,True
2016,5,37.8645,-99.2707,37.9473,-99.1692,EF3,0,0,0,0,0.0,0.0,True
2016,5,37.4775,-98.6651,37.5073,-98.6484,EF0,0,0,0,0,0.0,0.0,True
2016,5,38.5015,-99.0984,38.5038,-99.0954,EF0,0,0,0,0,0.0,0.0,True
2016,5,38.2616,-100.0515,38.2909,-100.0828,EF2,0,0,0,0,0.0,0.0,True
2016,3,32.6547,-97.4828,32.6542,-97.4504,EF0,0,0,0,0,330000.0,0.0,True
2016,5,36.9345,-87.7013,36.9445,-87.6758,EF0,0,0,0,0,20000.0,0.0,True
2016,5,36.9111,-87.4818,36.9111,-87.4818,EF0,0,0,0,0,0.0,0.0,True
2016,4,40.822,-94.5048,40.8309,-94.5028,EF0,0,0,0,0,25000.0,0.0,True
2016,2,31.3112,-88.6494,31.3116,-88.6491,EF1,0,0,0,0,25000.0,0.0,True
2016,2,30.4907,-87.2052,30.5171,-87.1655,EF3,0,0,3,0,22000000.0,0.0,True
2016,4,36.2027,-94.8572,36.2606,-94.6895,EF1,0,0,0,0,100000.0,0.0,True
2016,4,34.385,-95.0718,34.4068,-95.0645,EF1,0,0,0,0,125000.0,0.0,True
2016,5,40.2441,-100.4049,40.2491,-100.4048,EF0,0,0,0,0,0.0,0.0,True
2016,5,37.906,-100.0252,37.9134,-100.0177,EF1,0,0,0,0,0.0,0.0,True
2016,5,37.9134,-100.0177,37.9355,-99.9927,EF0,0,0,0,0,0.0,0.0,True
2016,3,32.4014,-97.8896,32.4018,-97.8833,EF0,0,0,0,0,50000.0,0.0,True
2016,5,36.9082,-87.6122,36.9082,-87.6122,EF0,0,0,0,0,0.0,0.0,True
2016,5,36.9055,-88.0902,36.9055,-88.0902,EF0,0,0,0,0,0.0,0.0,True
2016,5,41.6517,-94.6394,41.7231,-94.6874,EF0,0,0,0,0,5000.0,0.0,True
2016,4,40.9911,-94.3531,41.0492,-94.3565,EF0,0,0,0,0,3000.0,0.0,True
2016,4,36.8481,-94.6522,36.8602,-94.6265,EF1,0,0,0,0,150000.0,0.0,True
2016,4,35.3684,-94.6262,35.3943,-94.5578,EF1,0,0,0,0,25000.0,0.0,True
2016,3,32.6832,-85.4056,32.6769,-85.3542,EF0,0,0,0,0,0.0,0.0,True
2016,5,46.445,-88.1106,46.4327,-88.0332,EF1,0,0,0,0,10000.0,0.0,True
2016,5,46.4303,-87.8369,46.4278,-87.7558,EF1,0,0,0,0,50000.0,0.0,True
2016,3,31.1672,-98.175,31.1697,-98.173,EF0,0,0,0,0,60000.0,0.0,True
2016,5,46.2,-119.17,46.202,-119.169,EF0,0,0,0,0,20000.0,0.0,True
2016,4,38.035,-87.6411,37.9911,-87.5161,EF1,0,0,0,0,250000.0,0.0,True
2016,4,38.84,-97.87,38.8693,-97.8306,EF0,0,0,0,0,0.0,0.0,True
2016,4,40.46,-104.74,40.46,-104.74,EF0,0,0,0,0,0.0,0.0,True
2016,3,33.4601,-88.2836,33.4843,-88.2628,EF1,0,0,0,0,0.0,0.0,True
2016,5,40.7365,-96.6106,40.7364,-96.6208,EF1,0,0,0,0,0.0,0.0,True
2016,5,40.6946,-96.583,40.6971,-96.5813,EF1,0,0,0,0,0.0,0.0,True
2016,3,33.0965,-96.8695,33.0985,-96.8687,EF1,0,0,0,0,90000.0,0.0,True
2016,4,38.62,-98.45,38.6524,-98.4,EF0,0,0,0,0,0.0,0.0,True
2016,4,35.407,-97.707,35.432,-97.672,EF0,0,0,0,0,7000.0,0.0,True
2016,4,35.432,-97.672,35.439,-97.663,EF0,0,0,0,0,5000.0,0.0,True
2016,4,35.606,-97.336,35.701,-97.219,EF1,0,0,0,0,10000.0,0.0,True
2016,4,33.9701,-88.6569,33.9401,-88.5738,EF0,0,0,0,0,10000.0,0.0,True
2016,4,33.8848,-88.4737,33.8796,-88.4588,EF0,0,0,0,0,10000.0,0.0,True
2016,3,33.4674,-88.1877,33.4775,-88.1395,EF1,0,0,0,0,0.0,0.0,True
2016,5,40.8213,-96.0074,40.8586,-96.046,EF2,0,0,0,0,0.0,0.0,True
2016,4,39.7938,-91.8632,39.8033,-91.8529,EF0,0,0,0,0,0.0,0.0,True
2016,4,39.9576,-91.6278,39.9649,-91.5911,EF1,0,0,0,0,0.0,0.0,True
2016,4,33.3628,-96.7228,33.3792,-96.7353,EF0,0,0,0,0,30000.0,0.0,True
2016,4,32.4361,-95.6149,32.4513,-95.5744,EF0,0,0,0,0,0.0,0.0,True
2016,6,39.8822,-84.9612,39.8972,-84.9433,EF0,0,0,0,0,40000.0,0.0,True
2016,6,33.3092,-102.2315,33.3098,-102.2312,EFU,0,0,0,0,0.0,0.0,True
2016,7,39.1446,-92.403,39.1489,-92.4,EF0,0,0,0,0,0.0,0.0,True
2016,6,37.18,-104.21,37.19,-104.16,EFU,0,0,0,0,0.0,0.0,True
2016,6,40.09,-103.79,40.09,-103.79,EF0,0,0,0,0,0.0,0.0,True
2016,4,31.98,-97.7847,31.98,-97.7847,EF0,0,0,0,0,0.0,0.0,True
2016,6,40.0346,-82.9488,40.0347,-82.9433,EF0,0,0,0,0,100000.0,0.0,True
2016,6,44.54,-119.95,44.541,-119.946,EF0,0,0,0,0,0.0,0.0,True
2016,6,39.5518,-83.5538,39.5197,-83.499,EF1,0,0,0,0,110000.0,10000.0,True
2016,6,39.5346,-84.1141,39.367,-83.793,EF1,0,0,0,0,360000.0,10000.0,True
2016,6,40.61,-102.47,40.61,-102.47,EF0,0,0,0,0,0.0,0.0,True
2016,6,40.9,-102.16,40.9,-102.16,EF0,0,0,0,0,0.0,0.0,True
2016,6,41.8659,-79.1605,41.868,-79.1455,EF1,0,0,0,0,100000.0,0.0,True
2016,6,39.7397,-78.3438,39.7397,-78.3438,EF0,0,0,0,0,1000.0,0.0,True
2016,5,36.5883,-102.7647,36.5907,-102.7601,EF0,0,0,0,0,0.0,0.0,True
2016,6,43.8634,-103.2461,43.9132,-103.1141,EF2,0,0,0,0,100000.0,0.0,True
2016,6,44.1085,-88.3383,44.1001,-88.3307,EFU,0,0,0,0,0.0,0.0,True
2016,6,39.9632,-79.6793,39.9589,-79.6741,EF0,0,0,0,0,15000.0,0.0,True
2016,6,38.4646,-90.0069,38.4692,-90.0118,EF0,0,0,0,0,0.0,0.0,True
2016,6,44.9746,-89.995,44.9746,-89.995,EF0,0,0,0,0,5000.0,0.0,True
2016,6,44.83,-88.5096,44.83,-88.5096,EF0,0,0,0,0,0.0,0.0,True
2016,6,38.4536,-105.1038,38.4529,-105.0947,EFU,0,0,0,0,0.0,0.0,True
2016,6,44.3395,-88.4412,44.3238,-88.4226,EF0,0,0,0,0,0.0,0.0,True
2016,5,35.0616,-100.9416,35.0618,-100.9479,EF0,0,0,0,0,0.0,0.0,True
2016,6,39.6498,-80.0719,39.6497,-80.0688,EF0,0,0,0,0,7000.0,0.0,True
2016,6,38.2697,-80.5038,38.2496,-80.4598,EF1,0,0,0,0,0.0,0.0,True
2016,6,39.0884,-103.0725,39.0884,-103.0725,EF0,0,0,0,0,0.0,0.0,True
2016,6,34.7,-76.9971,34.6972,-77.0081,EF0,0,0,1,0,50000.0,0.0,True
2016,6,31.17,-83.54,31.17,-83.54,EF0,0,0,0,0,5000.0,0.0,True
2016,4,33.5998,-96.4916,33.6398,-96.3989,EF0,0,0,0,0,80000.0,0.0,True
2016,4,33.6567,-96.8964,33.6572,-96.8925,EF0,0,0,0,0,200000.0,0.0,True
2016,6,41.4978,-95.6706,41.4487,-95.7177,EF0,0,0,0,0,0.0,0.0,True
2016,6,41.562,-95.6741,41.5221,-95.7084,EF0,0,0,0,0,0.0,0.0,True
2016,4,33.5257,-96.6174,33.5431,-96.5809,EF0,0,0,5,0,450000.0,0.0,True
2016,6,44.2106,-93.5253,44.2209,-93.5124,EF0,0,0,0,0,0.0,0.0,True
2016,5,35.062,-100.9521,35.0748,-100.9585,EF1,0,0,0,0,0.0,0.0,True
2016,6,45.5488,-94.808,45.5482,-94.7602,EF0,0,0,0,0,500000.0,0.0,True
2016,6,43.9589,-94.2033,43.9596,-94.199,EF0,0,0,0,0,0.0,0.0,True
2016,6,44.3134,-93.4661,44.3164,-93.4607,EF0,0,0,0,0,0.0,0.0,True
2016,6,44.1,-96.3105,44.1,-96.3095,EF0,0,0,0,0,0.0,0.0,True
2016,6,44.1282,-93.8622,44.1481,-93.8294,EF0,0,0,0,0,0.0,0.0,True
2016,6,29.71,-91.15,29.71,-91.15,EF0,0,0,0,0,0.0,0.0,True
2016,6,44.1973,-93.5417,44.2106,-93.5253,EF0,0,0,0,0,0.0,0.0,True
2016,5,40.13,-93.74,40.13,-93.74,EF0,0,0,0,0,0.0,0.0,True
2016,4,36.7962,-101.9512,36.8053,-101.9393,EF0,0,0,0,0,0.0,0.0,True
2016,5,27.3794,-97.8829,27.3797,-97.8763,EF0,0,0,0,0,0.0,0.0,True
2016,4,36.8669,-101.8654,36.8802,-101.8585,EF0,0,0,0,0,0.0,0.0,True
2016,4,36.74,-101.988,36.7424,-101.9864,EF0,0,0,0,0,0.0,0.0,True
2016,3,32.79,-97.98,32.82,-97.97,EF1,0,0,0,0,100000.0,0.0,True
2016,5,36.5983,-102.8152,36.6027,-102.8077,EF0,0,0,0,0,0.0,0.0,True
2016,5,34.391,-96.638,34.419,-96.492,EF3,1,0,0,0,250000.0,0.0,True
2016,5,36.194,-97.171,36.217,-97.141,EF2,0,0,0,0,200000.0,0.0,True
2016,4,36.7467,-101.9433,36.7595,-101.9323,EF1,0,0,0,0,0.0,0.0,True
2016,5,28.488,-98.2871,28.5028,-98.2466,EF0,0,0,0,0,0.0,0.0,True
2016,5,34.419,-96.197,34.447,-96.145,EF1,0,0,0,0,30000.0,0.0,True
2016,5,36.217,-97.141,36.246,-97.115,EF2,0,0,0,0,50000.0,0.0,True
2016,7,45.1237,-94.5454,45.1566,-94.5039,EF2,0,0,0,0,0.0,0.0,True
2016,7,45.3394,-94.4014,45.3936,-94.3709,EF1,0,0,0,0,0.0,0.0,True
2016,5,34.447,-96.145,34.449,-96.128,EF1,0,0,0,0,0.0,0.0,True
2016,5,45.9277,-99.9445,45.9313,-99.9467,EF0,0,0,0,0,0.0,0.0,True
2016,5,35.2228,-97.2282,35.2228,-97.2282,EFU,0,0,0,0,0.0,0.0,True
2016,5,34.581,-98.076,34.581,-98.053,EFU,0,0,0,0,0.0,0.0,True
2016,5,34.385,-96.358,34.385,-96.358,EFU,0,0,0,0,0.0,0.0,True
2016,5,35.193,-98.019,35.202,-98.014,EFU,0,0,0,0,0.0,0.0,True
2016,5,35.226,-97.986,35.232,-97.979,EFU,0,0,0,0,0.0,0.0,True
2016,5,35.241,-97.96,35.242,-97.951,EFU,0,0,0,0,0.0,0.0,True
2016,3,32.9404,-97.3815,32.9428,-97.3711,EF0,0,0,0,0,90000.0,0.0,True
2016,6,38.2496,-80.4598,38.2293,-80.4189,EF0,0,0,0,0,50000.0,0.0,True
2016,5,27.5689,-80.4017,27.567,-80.402,EF1,0,0,0,0,395000.0,0.0,True
2016,6,42.24,-101.93,42.24,-101.91,EF0,0,0,0,0,0.0,0.0,True
2016,5,38.1244,-91.2033,38.1738,-91.1513,EF2,0,0,0,0,0.0,0.0,True
2016,5,36.5066,-99.4119,36.5151,-99.4344,EF0,0,0,0,0,10000.0,0.0,True
2016,6,42.09,-101.83,42.08,-101.81,EF2,0,0,0,0,50000.0,0.0,True
2016,5,36.4966,-98.0699,36.5293,-98.0282,EF2,0,0,0,0,20000.0,0.0,True
2016,7,46.36,-104.23,46.36,-104.23,EF0,0,0,0,0,0.0,0.0,False
2016,5,36.617,-99.43,36.6453,-99.4269,EFU,0,0,0,0,0.0,0.0,True
2016,5,34.48,-96.755,34.49,-96.736,EFU,0,0,0,0,0.0,0.0,True
2016,7,31.5838,-89.9613,31.5948,-89.9595,EF1,0,0,0,0,110000.0,0.0,True
2016,7,31.5496,-89.1007,31.5399,-89.1098,EF0,0,0,0,0,45000.0,0.0,True
2016,7,44.6871,-92.2244,44.6849,-92.2184,EF0,0,0,0,0,0.0,0.0,True
2016,5,34.2506,-77.8175,34.2689,-77.7951,EF1,0,0,1,0,500000.0,0.0,True
2016,5,45.4184,-99.6829,45.4177,-99.6834,EF0,0,0,0,0,0.0,0.0,True
2016,5,36.246,-97.115,36.268,-97.11,EF2,0,0,0,0,10000.0,0.0,True
2016,5,41.0807,-103.0907,41.0792,-103.0651,EF0,0,0,0,0,0.0,0.0,True
2016,7,47.7812,-119.4061,47.7812,-119.4061,EF0,0,0,0,0,0.0,0.0,True
2016,7,44.566,-92.105,44.5707,-92.0381,EF1,0,0,0,0,500000.0,0.0,True
2016,5,35.863,-100.0004,35.8611,-99.9936,EF1,0,0,0,0,0.0,0.0,True
2016,5,36.04,-101.22,36.0442,-101.2161,EFU,0,0,0,0,0.0,0.0,True
2016,7,40.9807,-93.0528,41.0092,-93.0288,EF0,0,0,0,0,4000.0,1000.0,True
2016,7,45.2969,-94.4144,45.3265,-94.4055,EF2,0,0,1,0,0.0,0.0,True
2016,7,43.0971,-94.3426,43.0921,-94.3404,EF0,0,0,0,0,0.0,1000.0,True
2016,7,43.4706,-93.7139,43.4662,-93.7106,EF0,0,0,0,0,0.0,1000.0,True
2016,6,45.2872,-97.3168,45.3119,-97.2944,EF0,0,0,0,0,0.0,0.0,True
2016,6,45.51,-96.64,45.511,-96.6399,EF0,0,0,0,0,0.0,0.0,True
2016,6,45.56,-96.6,45.5721,-96.5991,EF0,0,0,0,0,0.0,0.0,True
2016,6,41.1595,-89.7102,41.1598,-89.7089,EF0,0,0,0,0,0.0,0.0,True
2016,6,40.5549,-98.5551,40.5546,-98.5552,EF0,0,0,0,0,2000.0,0.0,True
2016,7,45.3265,-94.4055,45.328,-94.404,EF0,0,0,0,0,50000.0,0.0,True
2016,7,42.8779,-94.3483,42.8684,-94.3446,EF0,0,0,0,0,0.0,2000.0,True
2016,5,27.4919,-97.8512,27.4969,-97.8646,EF1,0,0,0,0,2500000.0,0.0,True
2016,5,34.559,-97.357,34.589,-97.21,EF4,1,0,0,0,1000000.0,0.0,True
2016,6,46.3101,-102.4018,46.3235,-102.339,EF1,0,0,0,0,200000.0,30000.0,True
2016,6,47.81,-103.38,47.8097,-103.3714,EF0,0,0,0,0,0.0,0.0,True
2016,4,35.5621,-102.625,35.5728,-102.6192,EF0,0,0,0,0,0.0,0.0,True
2016,5,36.1,-100.8,36.0972,-100.7969,EFU,0,0,0,0,0.0,0.0,True
2016,7,43.0087,-94.1578,43.0126,-94.1502,EF0,0,0,0,0,0.0,1000.0,True
2016,7,45.266,-91.6674,45.2649,-91.6636,EF0,0,0,0,0,50000.0,0.0,True
2016,5,27.4664,-97.8316,27.475,-97.8666,EF1,0,0,0,0,1000000.0,0.0,True
2016,5,34.565,-97.146,34.593,-96.884,EF3,0,0,0,0,4000000.0,0.0,True
2016,5,34.408,-96.341,34.419,-96.197,EF1,0,0,0,0,10000.0,0.0,True
2016,5,36.07,-100.55,36.07,-100.55,EF0,0,0,0,0,0.0,0.0,True
2016,5,36.05,-100.06,36.0511,-100.0585,EFU,0,0,0,0,0.0,0.0,True
2016,7,46.09,-104.36,46.09,-104.36,EF0,0,0,0,0,0.0,0.0,False
2016,5,45.4163,-99.6853,45.415,-99.6856,EF0,0,0,0,0,0.0,0.0,True
2016,9,42.9155,-92.7308,42.9341,-92.7105,EF0,0,0,0,0,3000.0,3000.0,True
2016,9,41.9103,-79.0334,41.9177,-79.004,EF1,0,0,0,0,20000.0,0.0,True
2016,5,40.58,-100.38,40.58,-100.38,EF0,0,0,0,0,0.0,0.0,True
2016,5,39.1367,-99.1623,39.1739,-99.1407,EF1,0,0,0,0,15000.0,0.0,True
2016,5,39.133,-99.1814,39.1385,-99.1822,EF2,0,0,0,0,2000.0,0.0,True
2016,5,40.1899,-102.4529,40.2076,-102.4608,EF0,0,0,0,0,0.0,0.0,True
2016,9,43.4085,-92.237,43.4084,-92.2366,EF0,0,0,0,0,200.0,0.0,True
2016,5,40.2279,-102.7278,40.2382,-102.7092,EF0,0,0,0,0,0.0,0.0,True
2016,5,34.0107,-95.5699,34.0148,-95.4649,EF1,0,0,0,0,250000.0,0.0,True
2016,5,31.95,-99.31,31.99,-99.23,EF1,0,0,0,0,0.0,0.0,True
2016,5,39.3611,-102.8663,39.4194,-102.8519,EF0,0,0,0,0,0.0,0.0,True
2016,5,40.0311,-102.2326,40.0402,-102.2324,EF0,0,0,0,0,0.0,0.0,True
2016,5,38.7885,-99.9222,38.7981,-99.8902,EF0,0,0,0,0,0.0,0.0,True
2016,5,34.072,-95.3956,34.0761,-95.387,EFU,0,0,0,0,0.0,0.0,True
2016,5,34.3068,-100.7142,34.3133,-100.7257,EFU,0,0,0,0,0.0,0.0,True
2016,9,38.8166,-102.3759,38.8181,-102.3601,EF0,0,0,0,0,46000.0,0.0,True
2016,9,34.725,-76.508,34.73,-76.507,EF1,0,0,0,0,75000.0,0.0,True
2016,5,42.55,-98.98,42.55,-98.98,EF0,0,0,0,0,40000.0,0.0,True
2016,5,33.9861,-95.9379,34.0049,-95.7588,EF3,0,0,2,0,3000000.0,0.0,True
2016,5,34.3133,-100.7257,34.3935,-100.8542,EF3,0,0,0,0,150000.0,0.0,True
2016,9,34.724,-76.573,34.726,-76.574,EF1,0,0,0,0,150000.0,0.0,True
2016,9,46.0618,-94.4521,46.1047,-94.3134,EF1,0,0,0,0,1000000.0,0.0,True
2016,9,41.1631,-112.0104,41.1834,-111.9627,EF1,0,0,5,0,2000000.0,0.0,True
2016,9,37.8339,-112.4309,37.8276,-112.4422,EF1,0,0,0,0,300000.0,0.0,True
2016,5,39.0566,-97.7891,39.0557,-97.7805,EF0,0,0,0,0,0.0,0.0,True
2016,11,32.9748,-88.8133,33.0044,-88.7703,EF1,0,0,0,0,30000.0,0.0,True
2016,11,33.7,-88.76,33.726,-88.72,EF1,0,0,0,0,20000.0,0.0,True
2016,5,39.0196,-99.5261,39.0294,-99.5157,EF0,0,0,0,0,0.0,0.0,True
2016,5,39.05,-99.2218,39.133,-99.1803,EF2,0,0,0,0,0.0,0.0,True
2016,5,45.6989,-95.2829,45.7,-95.28,EF0,0,0,0,0,10000.0,0.0,True
2016,5,45.6894,-94.6042,45.7298,-94.5674,EF0,0,0,0,0,15000.0,0.0,True
2016,7,41.8785,-91.8316,41.8767,-91.8215,EF2,0,0,4,0,250000.0,0.0,True
2016,9,28.4542,-81.6281,28.4757,-81.624,EF0,0,0,0,0,21000.0,0.0,True
2016,9,28.8611,-81.9128,28.9228,-81.9274,EF0,0,0,0,0,22000.0,0.0,True
2016,9,31.9256,-102.4409,31.9306,-102.4397,EF0,0,0,0,0,0.0,0.0,True
2016,9,27.863,-80.549,27.913,-80.544,EF0,0,0,0,0,40000.0,0.0,True
2016,9,35.2135,-75.6957,35.2145,-75.6955,EF0,0,0,3,0,250000.0,0.0,True
2016,9,38.8694,-102.3829,38.8699,-102.3472,EF0,0,0,0,0,0.0,0.0,True
2016,11,33.404,-88.4813,33.4448,-88.4458,EF1,0,0,0,0,50000.0,0.0,True
2016,5,40.39,-101.64,40.39,-101.64,EF0,0,0,0,0,50000.0,0.0,True
2016,9,32.8,-104.7472,32.8,-104.8161,EF0,0,0,0,0,0.0,0.0,False
2016,7,41.8912,-91.8966,41.8785,-91.8315,EF1,0,0,0,0,25000.0,15000.0,True
2016,7,41.19,-89.36,41.1956,-89.3384,EF0,0,0,0,0,0.0,0.0,True
2016,7,41.22,-89.28,41.2208,-89.2755,EF0,0,0,0,0,0.0,0.0,True
2016,4,40.3037,-92.2396,40.3049,-92.2395,EF1,0,0,0,0,100000.0,0.0,True
2016,5,34.077,-95.4526,34.1008,-95.3468,EFU,0,0,0,0,0.0,0.0,True
2016,5,37.7725,-86.3001,37.7712,-86.2929,EF1,0,0,0,0,100000.0,0.0,True
2016,5,37.4635,-86.878,37.5202,-86.729,EF2,0,0,0,0,150000.0,0.0,True
2016,5,38.8911,-100.5182,38.961,-100.3803,EF0,0,0,0,0,0.0,0.0,True
2016,9,40.22,-102.87,40.22,-102.87,EF0,0,0,0,0,0.0,0.0,True
2016,5,40.1198,-102.2327,40.233,-102.2071,EF2,0,0,4,0,135000.0,0.0,True
2016,5,37.6499,-96.8398,37.6499,-96.8398,EF0,0,0,0,0,0.0,0.0,True
2016,9,32.6473,-104.1183,32.6396,-104.1054,EF0,0,0,0,0,0.0,0.0,True
2016,3,30.9425,-99.1872,30.9425,-99.1774,EF1,0,0,0,0,0.0,0.0,True
2016,3,30.93,-99.2,30.9423,-99.1877,EF1,0,0,0,0,0.0,0.0,True
2016,7,42.4235,-91.1265,42.4234,-91.1112,EF0,0,0,0,0,0.0,0.0,True
2016,5,33.31,-99.05,33.31,-99.0497,EF0,0,0,0,0,0.0,0.0,True
2016,9,41.61,-100.59,41.61,-100.59,EF0,0,0,0,0,0.0,0.0,True
2016,5,38.5107,-101.7408,38.5109,-101.7431,EF0,0,0,0,0,0.0,0.0,True
2016,5,38.4766,-101.6671,38.477,-101.669,EF0,0,0,0,0,0.0,0.0,True
2016,6,38.6488,-81.6858,38.6484,-81.6848,EF1,0,0,2,0,20000.0,0.0,True
2016,9,32.3557,-108.7427,32.3591,-108.7375,EFU,0,0,0,0,0.0,0.0,True
2016,5,31.0656,-94.1305,31.0659,-94.1298,EF0,0,0,0,0,2000.0,0.0,True
2016,5,30.4034,-99.467,30.3657,-99.399,EF2,0,0,0,0,0.0,0.0,True
2016,5,32.8929,-99.363,32.8888,-99.3339,EF0,0,0,0,0,0.0,0.0,True
2016,5,38.6401,-102.7521,38.6402,-102.7517,EF0,0,0,0,0,0.0,0.0,True
2016,11,32.5764,-89.4814,32.5885,-89.437,EF0,0,0,0,0,50000.0,0.0,True
2016,5,38.5013,-101.5447,38.5047,-101.5614,EF0,0,0,0,0,0.0,0.0,True
2016,4,40.5058,-92.0175,40.5071,-92.0136,EF0,0,0,0,0,100000.0,0.0,True
2016,5,43.0301,-100.4275,43.0882,-100.3815,EF2,0,0,0,0,10000.0,0.0,True
2016,5,43.2654,-100.0451,43.2709,-100.034,EF1,0,0,0,0,25000.0,0.0,True
2016,11,33.3,-88.76,33.3503,-88.7443,EF1,0,0,0,0,45000.0,0.0,True
2016,9,29.71,-83.47,29.71,-83.47,EF0,0,0,0,0,0.0,0.0,True
2016,9,29.91,-83.56,29.91,-83.56,EF0,0,0,0,0,0.0,0.0,True
2016,9,29.87,-83.42,29.87,-83.42,EF0,0,0,0,0,0.0,0.0,True
2016,7,45.2506,-95.8705,45.2519,-95.8657,EF0,0,0,0,0,0.0,0.0,True
2016,7,45.2445,-95.9863,45.2262,-95.9878,EF0,0,0,0,0,20000.0,0.0,True
2016,8,42.763,-85.861,42.804,-85.803,EF1,0,0,0,0,500000.0,0.0,True
2016,8,42.8848,-85.7461,42.9343,-85.696,EF0,0,0,0,0,500000.0,0.0,True
2016,8,48.56,-99.61,48.63,-99.47,EF2,0,0,0,0,600000.0,350000.0,True
2016,8,41.0537,-98.9299,41.0537,-98.9299,EF0,0,0,0,0,0.0,0.0,True
2016,2,37.8001,-76.9989,37.8285,-76.9681,EF1,0,0,0,0,500000.0,5000.0,True
2016,8,43.068,-85.128,43.1632,-85.045,EF1,0,0,0,0,750000.0,0.0,True
2016,8,41.832,-87.7261,41.832,-87.7261,EF0,0,0,0,0,0.0,0.0,True
2016,2,38.0339,-76.7668,38.1578,-76.6875,EF1,0,0,0,0,905000.0,78000.0,True
2016,8,39.37,-97.57,39.37,-97.57,EF0,0,0,0,0,0.0,0.0,True
2016,8,42.296,-86.126,42.44,-86.055,EF1,0,0,0,0,2000000.0,0.0,True
2016,8,42.984,-85.6224,42.9965,-85.6174,EF0,0,0,0,0,25000.0,0.0,True
2016,8,44.916,-90.207,44.916,-90.118,EF1,0,0,0,0,100000.0,5000.0,True
2016,5,40.7254,-99.2471,40.7254,-99.2471,EF0,0,0,0,0,0.0,0.0,True
2016,2,37.9625,-76.8699,38.0339,-76.7668,EF2,0,0,0,0,3300000.0,0.0,True
2016,2,36.9922,-77.1234,37.0744,-77.0787,EF1,3,0,8,0,2600000.0,0.0,True
2016,8,35.96,-107.35,35.96,-107.35,EF0,0,0,0,0,0.0,0.0,True
2016,8,36.7707,-103.9517,36.7707,-103.9517,EF0,0,0,0,0,0.0,0.0,True
2016,8,41.6734,-99.37,41.6734,-99.37,EF0,0,0,0,0,0.0,0.0,True
2016,8,42.533,-86.023,42.702,-85.922,EF1,0,0,0,0,1500000.0,0.0,True
2016,8,43.762,-93.2111,43.7612,-93.2098,EF0,0,0,0,0,0.0,5000.0,True
2016,8,41.3591,-83.5246,41.3591,-83.5246,EF0,0,0,0,0,35000.0,0.0,True
2016,7,44.9472,-94.026,44.952,-94.0234,EF0,0,0,0,0,0.0,0.0,True
2016,7,44.33,-93.2,44.3094,-93.1316,EF1,0,0,0,0,25000.0,0.0,True
2016,8,37.83,-100.3,37.8304,-100.2957,EF0,0,0,0,0,0.0,0.0,True
2016,2,37.7597,-78.2912,37.8074,-78.2372,EF0,0,0,0,0,325000.0,155000.0,True
2016,2,36.6047,-78.2435,36.5518,-78.3049,EF1,0,0,0,0,260000.0,50000.0,True
2016,8,42.2801,-91.5849,42.2801,-91.5849,EF0,0,0,0,0,0.0,0.0,True
2016,2,37.0744,-77.0787,37.1094,-77.0583,EF1,0,0,0,0,15000.0,0.0,True
2016,7,44.3938,-92.9217,44.4016,-92.871,EF0,0,0,0,0,0.0,0.0,True
2016,8,41.2065,-95.8595,41.2093,-95.849,EF0,0,0,0,0,0.0,0.0,True
2016,8,29.9692,-90.0628,29.9663,-90.0711,EF0,0,0,2,0,0.0,0.0,True
2016,8,41.68,-99.37,41.68,-99.37,EF0,0,0,0,0,0.0,0.0,True
2016,8,34.6541,-87.0079,34.654,-87.0064,EFU,0,0,0,0,0.0,0.0,True
2016,11,41.5648,-92.5098,41.5751,-92.4919,EF0,0,0,0,0,0.0,0.0,True
2016,8,38.34,-75.09,38.39,-75.06,EF0,0,0,0,0,75000.0,0.0,True
2016,8,34.4713,-101.4581,34.4718,-101.4689,EFU,0,0,0,0,0.0,0.0,True
2016,8,45.7017,-87.6662,45.7084,-87.6421,EF1,0,0,0,0,10000.0,0.0,True
2016,8,36.9433,-85.873,36.95,-85.8455,EF0,0,0,0,0,50000.0,50000.0,True
2016,5,30.312,-96.2315,30.3096,-96.2264,EF0,0,0,0,0,10000.0,0.0,True
2016,5,40.6384,-98.4881,40.6397,-98.4881,EF0,0,0,0,0,0.0,0.0,True
2016,2,37.8285,-76.9681,37.9625,-76.8699,EF3,0,0,25,0,4500000.0,750000.0,True
2016,8,42.4567,-71.3398,42.4643,-71.3266,EF1,0,0,0,0,1000000.0,0.0,True
2016,8,30.5889,-91.0316,30.5909,-91.0263,EF0,0,0,0,0,200000.0,0.0,True
2016,8,39.8031,-86.1108,39.8017,-86.1041,EF0,0,0,0,0,15000.0,0.0,True
2016,8,40.528,-86.4309,40.5359,-86.3748,EF1,0,0,0,0,7000.0,2000.0,True
2016,8,40.4335,-86.1217,40.4334,-86.109,EF0,0,0,0,0,10000.0,0.0,True
2016,2,37.6485,-76.6492,37.6865,-76.5938,EF1,0,0,0,0,275000.0,402000.0,True
2016,2,37.7488,-76.6854,37.7781,-76.6499,EF0,0,0,0,0,10000.0,0.0,True
2016,11,35.4046,-84.6371,35.5091,-84.482,EF2,0,0,20,0,0.0,0.0,True
2016,8,40.3993,-86.2714,40.397,-86.2431,EF1,0,0,0,0,20000.0,5000.0,True
2016,8,40.5179,-86.9492,40.5244,-86.9445,EF0,0,0,0,0,3500.0,2000.0,True
2016,2,37.7781,-76.6499,37.8111,-76.6072,EF1,0,0,0,0,377000.0,0.0,True
2016,3,40.5621,-90.6736,40.6299,-90.5446,EF2,0,0,0,0,200000.0,0.0,True
2016,3,40.6299,-90.5446,40.6828,-90.4443,EF1,0,0,0,0,200000.0,0.0,True
2016,8,47.6505,-117.6196,47.6505,-117.6196,EF0,0,0,0,0,0.0,0.0,True
2016,8,44.4514,-87.5222,44.4586,-87.5121,EF0,0,0,0,0,25000.0,0.0,True
2016,8,42.0363,-83.6665,42.036,-83.6641,EF0,0,0,0,0,0.0,0.0,True
2016,8,37.8,-112.41,37.8,-112.41,EF0,0,0,0,0,0.0,0.0,True
2016,8,40.0649,-84.5053,40.098,-84.4255,EF0,0,0,0,0,10500.0,10000.0,True
2016,8,41.0431,-96.465,41.0432,-96.4643,EF0,0,0,0,0,0.0,0.0,True
2016,8,39.9615,-86.3367,40.0083,-86.2991,EF2,0,0,0,0,25000.0,3000.0,True
2016,8,40.1414,-86.1763,40.1458,-86.1708,EF1,0,0,0,0,10000.0,2000.0,True
2016,7,44.994,-91.37,45.0003,-91.364,EF0,0,0,0,0,25000.0,0.0,True
2016,8,40.3439,-83.0894,40.385,-83.058,EF0,0,0,0,0,20000.0,0.0,True
2016,8,30.5912,-81.5723,30.6442,-81.5693,EF1,0,0,0,1,0.0,0.0,True
2016,8,39.0068,-83.8128,39.0105,-83.7957,EF0,0,0,0,0,30000.0,0.0,True
2016,6,45.61,-96.53,45.6119,-96.5299,EF0,0,0,0,0,0.0,0.0,True
2016,8,41.4188,-96.1718,41.4201,-96.1713,EF0,0,0,0,0,0.0,0.0,True
2016,8,41.4138,-96.1909,41.4165,-96.1913,EF0,0,0,0,0,0.0,0.0,True
2016,8,42.6267,-86.1678,42.6272,-86.1466,EF0,0,0,0,0,75000.0,0.0,True
2016,7,28.323,-81.2455,28.3238,-81.2416,EF0,0,0,0,0,0.0,0.0,True
2016,7,27.6,-82.12,27.6001,-82.1209,EF0,0,0,0,0,0.0,0.0,True
2016,10,41.6625,-90.3373,41.679,-90.3076,EF1,0,0,0,0,0.0,0.0,True
2016,5,40.7,-90.53,40.701,-90.529,EF0,0,0,0,0,0.0,0.0,True
2016,7,38.2239,-81.966,38.225,-81.962,EF0,0,0,0,0,30000.0,0.0,True
2016,7,38.291,-81.642,38.303,-81.611,EF0,0,0,0,0,5000.0,0.0,True
2016,10,37.1691,-96.9803,37.1694,-96.9799,EF0,0,0,0,0,0.0,0.0,True
2016,10,37.3197,-96.7012,37.327,-96.6996,EF1,0,0,0,0,20000.0,0.0,True
2016,10,38.7407,-97.5156,38.7413,-97.5117,EF2,0,0,0,0,0.0,0.0,True
2016,10,41.6421,-86.3046,41.6557,-86.2886,EF0,0,0,0,0,0.0,0.0,True
2016,10,41.6685,-86.2307,41.6689,-86.23,EF0,0,0,0,0,0.0,0.0,True
2016,10,37.2268,-96.8084,37.2285,-96.8069,EF1,0,0,0,0,25000.0,100.0,True
2016,10,38.7815,-97.4704,38.8596,-97.4039,EF3,0,0,0,0,0.0,0.0,True
2016,5,31.9235,-101.5261,31.8892,-101.4775,EF3,0,0,0,0,45000.0,0.0,True
2016,10,35.323,-77.8625,35.329,-77.8773,EF0,0,0,0,0,75000.0,25000.0,True
2016,7,39.74,-104.42,39.74,-104.42,EF0,0,0,0,0,0.0,0.0,True
2016,7,40.7,-104.76,40.7,-104.76,EF0,0,0,0,0,0.0,0.0,True
2016,10,45.72,-123.94,45.72,-123.94,EF2,0,0,0,0,1000000.0,0.0,True
2016,8,40.174,-79.866,40.177,-79.85,EF0,0,0,0,0,10000.0,0.0,True
2016,7,38.49,-98.87,38.4956,-98.8564,EF0,0,0,0,0,0.0,0.0,True
2016,10,39.5423,-97.1833,39.5667,-97.1268,EF1,0,0,0,0,0.0,0.0,True
2016,7,38.1061,-82.5853,38.1076,-82.5812,EF0,0,0,0,0,1000.0,0.0,True
2016,7,38.1021,-82.6289,38.1061,-82.5853,EF2,0,0,5,0,500000.0,0.0,True
2016,7,45.22,-112.65,45.22,-112.65,EF0,0,0,0,0,0.0,0.0,True
2016,6,41.414,-89.3675,41.4133,-89.3583,EF1,0,0,0,0,0.0,0.0,True
2016,5,41.2,-91.44,41.2005,-91.4385,EF0,0,0,0,0,0.0,0.0,True
2016,7,45.5045,-117.0445,45.5045,-117.0445,EF0,0,0,0,0,0.0,0.0,True
2016,7,38.4685,-102.2827,38.4157,-102.2642,EF0,0,0,0,0,0.0,0.0,True
2016,7,37.1526,-88.74,37.1616,-88.6906,EF1,0,0,2,0,350000.0,0.0,True
2016,7,41.4,-101.15,41.4,-101.15,EF0,0,0,0,0,0.0,0.0,True
2016,7,37.1711,-88.9102,37.1622,-88.8652,EF1,0,0,0,0,40000.0,0.0,True
2016,7,47.88,-97.19,47.88,-97.19,EF0,0,0,0,0,0.0,0.0,True
2016,7,37.1743,-88.9435,37.1711,-88.9102,EF1,0,0,0,0,75000.0,0.0,True
2016,7,36.6692,-88.4163,36.6691,-88.4096,EF0,0,0,0,0,0.0,0.0,True
2016,10,45.47,-123.97,45.47,-123.97,EFU,0,0,0,0,0.0,0.0,True
2016,7,42.6934,-111.58,42.7035,-111.5499,EF0,0,0,0,0,0.0,0.0,True
2016,7,29.2668,-94.8259,29.2661,-94.8258,EF0,0,0,0,0,0.0,0.0,True
2016,10,39.4411,-97.0346,39.4902,-96.9677,EF1,0,0,0,0,0.0,0.0,True
2016,10,39.5669,-97.1268,39.5912,-97.0085,EF1,0,0,0,0,0.0,0.0,True
2016,10,39.2998,-97.163,39.3237,-97.0472,EF1,0,0,0,0,0.0,0.0,True
2016,10,39.2482,-97.4066,39.2482,-97.4066,EF0,0,0,0,0,0.0,0.0,True
2016,7,35.29,-113.96,35.29,-113.96,EF0,0,0,0,0,0.0,0.0,True
2016,7,42.19,-102.21,42.19,-102.21,EF0,0,0,0,0,0.0,0.0,True
2016,7,41.42,-101.49,41.42,-101.49,EF0,0,0,0,0,0.0,0.0,True
2016,7,43.1686,-102.2458,43.1686,-102.2458,EF0,0,0,0,0,0.0,0.0,True
2016,7,38.11,-96.37,38.1097,-96.368,EF0,0,0,0,0,0.0,0.0,True
2016,7,28.9653,-82.1881,28.9699,-82.1745,EF0,0,0,0,0,0.0,0.0,True
2016,7,42.88,-102.11,42.88,-102.11,EF0,0,0,0,0,0.0,0.0,True
2016,7,43.886,-83.956,43.889,-83.916,EF0,0,0,0,0,10000.0,0.0,True
2016,7,37.69,-95.93,37.6891,-95.9285,EF0,0,0,0,0,0.0,0.0,True
2016,7,39.1395,-84.6093,39.1402,-84.5961,EF0,0,0,0,0,15000.0,0.0,True
2016,7,42.55,-102.76,42.55,-102.76,EF0,0,0,0,0,0.0,0.0,True
2016,5,37.6999,-100.0935,37.9134,-100.1255,EF2,0,0,1,0,0.0,0.0,True
2016,11,42.317,-93.4274,42.38,-93.3709,EF0,0,0,0,0,5000.0,0.0,True
2016,11,42.5248,-92.8034,42.5558,-92.7749,EF0,0,0,0,0,0.0,0.0,True
2016,11,42.5558,-92.7749,42.5953,-92.7465,EF0,0,0,0,0,3000.0,0.0,True
2016,5,38.1651,-100.0395,38.1737,-100.0365,EF0,0,0,0,0,0.0,0.0,True
2016,11,41.4947,-92.6257,41.5091,-92.6005,EF0,0,0,0,0,0.0,0.0,True
2016,11,41.5091,-92.6005,41.5366,-92.5581,EF0,0,0,0,0,0.0,0.0,True
2016,11,42.3463,-92.834,42.3584,-92.8103,EF0,0,0,0,0,0.0,0.0,True
2016,5,37.646,-100.0988,37.6996,-100.0914,EF2,0,0,0,0,0.0,0.0,True
2016,5,40.0334,-93.6757,40.0334,-93.6757,EF0,0,0,0,0,0.0,0.0,True
2016,5,38.1961,-100.0382,38.2616,-100.0515,EF3,0,0,0,0,0.0,0.0,True
2016,7,34.8595,-106.255,34.8595,-106.255,EF0,0,0,0,0,0.0,0.0,True
2016,12,30.5158,-89.3681,30.5156,-89.3413,EF0,0,0,0,0,0.0,0.0,True
2016,11,32.95,-88.84,32.9748,-88.8133,EF1,0,0,0,0,150000.0,0.0,True
2016,5,39.1198,-95.9632,39.1198,-95.9632,EF0,0,0,0,0,0.0,0.0,True
2016,5,40.4725,-93.04,40.475,-93.0399,EF0,0,0,0,0,0.0,0.0,True
2016,11,34.7298,-85.704,34.78,-85.57,EF3,1,0,9,0,0.0,0.0,True
2016,9,32.8964,-105.0691,32.88,-104.99,EF0,0,0,0,0,0.0,0.0,False
2016,5,38.2646,-101.1904,38.2891,-101.1266,EF0,0,0,0,0,0.0,0.0,True
2016,9,34.4262,-105.2874,34.4209,-105.2631,EF0,0,0,0,0,0.0,0.0,True
2016,12,30.2695,-90.8874,30.3093,-90.854,EF1,0,0,0,0,0.0,0.0,True
2016,5,38.63,-93.62,38.65,-93.62,EF0,0,0,0,0,0.0,0.0,True
2016,5,39.1733,-96.3958,39.1733,-96.3958,EF0,0,0,0,0,0.0,0.0,True
2016,8,26.66,-81.8043,26.6611,-81.8053,EF0,0,0,0,0,20000.0,0.0,True
2016,8,40.7795,-80.028,40.785,-79.989,EF0,0,0,0,0,5000.0,0.0,True
2016,7,42.4393,-91.5984,42.4393,-91.5975,EF1,0,0,0,0,0.0,0.0,True
2016,5,40.53,-90.48,40.5314,-90.4801,EF0,0,0,0,0,0.0,0.0,True
2016,7,42.4393,-91.5974,42.4393,-91.5953,EF1,0,0,0,0,5000.0,0.0,True
2016,12,40.7708,-98.9236,40.8297,-98.9054,EF0,0,0,0,0,225000.0,0.0,True
2016,12,39.503,-99.0182,39.5274,-99.0029,EF0,0,0,0,0,5000.0,0.0,True
2016,12,36.9449,-88.446,36.9515,-88.4214,EF0,0,0,0,0,4000.0,0.0,True
2016,5,30.3244,-96.1074,30.3242,-96.1056,EF0,0,0,0,0,50000.0,0.0,True
2016,12,38.9351,-97.4384,38.9362,-97.4363,EF0,0,0,0,0,0.0,0.0,True
2016,5,40.428,-98.0625,40.4428,-98.0157,EF0,0,0,0,0,75000.0,0.0,True
2016,6,42.25,-91.95,42.2511,-91.9471,EF0,0,0,0,0,0.0,0.0,True
2016,10,41.4677,-91.097,41.552,-90.9515,EF1,0,0,0,0,0.0,0.0,True
2016,10,41.5049,-90.6173,41.6625,-90.3373,EF1,0,0,0,0,0.0,0.0,True
2016,10,41.3796,-90.5125,41.4148,-90.4314,EF0,0,0,0,0,0.0,0.0,True
2016,10,37.05,-95.18,37.0513,-95.1781,EF0,0,0,0,0,0.0,0.0,True
2016,10,37.0294,-95.2163,37.0306,-95.2126,EF0,0,0,0,0,0.0,0.0,True
2016,12,37.4969,-99.5583,37.5001,-99.5565,EF0,0,0,0,0,0.0,0.0,True
2016,12,33.9239,-89.2228,33.9242,-89.2167,EF1,0,0,0,0,80000.0,0.0,True
2016,9,39.2797,-87.9859,39.2806,-87.9841,EF0,0,0,0,0,0.0,10000.0,True
2016,12,37.5001,-99.5565,37.5386,-99.5338,EF0,0,0,0,0,0.0,0.0,True
2016,12,37.3021,-99.2417,37.3209,-99.217,EF0,0,0,0,0,85000.0,0.0,True
2016,12,38.3995,-99.3807,38.4122,-99.3671,EF0,0,0,0,0,0.0,0.0,True
2016,5,41.8865,-90.318,41.8867,-90.3175,EF0,0,0,0,0,0.0,0.0,True
2016,5,30.335,-95.5055,30.3457,-95.4952,EF1,0,0,0,0,100000.0,0.0,True
2016,6,41.5052,-89.6737,41.5048,-89.6684,EF0,0,0,0,0,0.0,0.0,True
2016,6,41.516,-89.3762,41.5112,-89.3671,EF0,0,0,0,0,0.0,0.0,True
2016,12,40.4216,-99.2467,40.4609,-99.239,EF1,0,0,0,0,375000.0,0.0,True
2016,12,40.4255,-98.857,40.4317,-98.8519,EF0,0,0,0,0,5000.0,0.0,True
2016,9,40.2213,-87.6437,40.2319,-87.6161,EF1,0,0,0,0,50000.0,0.0,True
2016,11,40.09,-98.47,40.12,-98.41,EF1,0,0,0,0,150000.0,0.0,True
2016,12,34.2187,-92.2704,34.2212,-92.2625,EF1,0,0,0,0,100000.0,0.0,True
2016,11,34.0002,-87.8754,34.099,-87.7381,EF0,0,0,0,0,0.0,0.0,True
2016,11,32.7056,-85.5591,32.73,-85.5228,EF1,0,0,0,0,0.0,0.0,True
2016,7,37.64,-98.3,37.5946,-98.2612,EF0,0,0,0,0,0.0,0.0,True
2016,7,48.3089,-102.1612,48.3067,-102.1409,EF0,0,0,0,0,0.0,0.0,True
2016,11,34.1946,-87.4701,34.2356,-87.4471,EF2,0,0,0,0,0.0,0.0,True
2016,7,41.7295,-76.4726,41.7284,-76.471,EF1,0,0,0,0,25000.0,0.0,True
2016,7,38.7742,-102.2509,38.7247,-102.2747,EF0,0,0,0,0,0.0,0.0,True
2016,7,44.78,-97.73,44.7793,-97.7293,EF0,0,0,0,0,0.0,0.0,True
2016,11,18.43,-66.4825,18.4323,-66.4916,EF0,0,0,0,0,10000.0,0.0,True
2016,11,32.4816,-87.6113,32.571,-87.5296,EF1,0,0,0,0,0.0,0.0,True
2016,11,33.4521,-88.1502,33.4959,-88.0771,EF1,0,0,0,0,0.0,0.0,True
2016,11,34.155,-87.1572,34.1747,-87.111,EF1,0,0,0,0,0.0,0.0,True
2016,11,35.124,-80.953,35.143,-80.918,EF1,0,0,0,0,100000.0,0.0,True
2016,11,34.0699,-87.2016,34.1394,-87.1117,EF2,0,0,0,0,0.0,0.0,True
2016,11,33.9518,-87.9005,34.0917,-87.6622,EF1,0,0,0,0,0.0,0.0,True
2016,11,33.8255,-88.1623,33.8864,-88.0109,EF1,0,0,0,0,0.0,0.0,True
2016,11,32.4233,-87.6657,32.4816,-87.6113,EF1,0,0,0,0,0.0,0.0,True
2016,11,30.4105,-86.6812,30.4176,-86.6713,EF0,0,0,0,0,50000.0,0.0,True
2016,11,40.3,-98.95,40.3,-98.94,EF0,0,0,0,0,0.0,0.0,True
2016,11,40.27,-98.15,40.31,-98.09,EF0,0,0,0,0,3000.0,0.0,True
2016,11,32.73,-85.5228,32.7352,-85.5164,EF1,0,0,0,0,0.0,0.0,True
2016,11,31.073,-92.0329,31.073,-92.0329,EF0,0,0,0,0,0.0,0.0,True
2016,11,35.3584,-86.2447,35.4399,-86.1441,EF1,0,0,1,0,750000.0,0.0,True
2016,11,39.1999,-96.8252,39.1999,-96.8252,EF0,0,0,0,0,0.0,0.0,True
2016,7,42.48,-102.77,42.4871,-102.7088,EF0,0,0,0,0,0.0,0.0,True
2016,7,48.8712,-101.7065,48.8711,-101.6995,EF0,0,0,0,0,0.0,0.0,True
2016,7,48.73,-101.01,48.7302,-101.0044,EF0,0,0,0,0,0.0,0.0,True
2016,11,34.785,-82.154,34.795,-82.126,EF0,0,0,0,0,0.0,0.0,True
2016,11,34.678,-82.378,34.785,-82.154,EF1,0,0,0,0,500000.0,0.0,True
2016,11,34.2498,-87.5383,34.2546,-87.5344,EF1,0,0,0,0,0.0,0.0,True
2016,11,35.4572,-86.0559,35.4882,-86.0065,EF1,0,0,0,0,250000.0,0.0,True
2016,7,44.3389,-91.7889,44.3437,-91.7756,EF1,0,0,0,0,260000.0,0.0,True
2016,7,44.3315,-91.7228,44.3303,-91.7139,EF1,0,0,0,0,235000.0,0.0,True
2016,7,37.96,-96.45,37.9219,-96.3901,EF3,0,0,0,0,100000.0,10000.0,True
2016,7,46.4899,-101.2514,46.4899,-101.25,EF0,0,0,0,0,0.0,0.0,True
2016,7,43.4439,-91.0941,43.4425,-91.0776,EF0,0,0,0,0,5000.0,0.0,True
2016,11,33.7722,-87.6959,33.7758,-87.694,EF0,0,0,0,0,0.0,0.0,True
2016,7,46.33,-101.18,46.3291,-101.1786,EF0,0,0,0,0,0.0,0.0,True
2016,5,40.23,-104.17,40.3819,-104.1426,EF2,0,0,0,0,0.0,0.0,True
2016,5,40.3459,-103.8355,40.3459,-103.8355,EF0,0,0,0,0,0.0,0.0,True
2016,5,40.4167,-104.1187,40.4167,-104.1187,EF0,0,0,0,0,0.0,0.0,True
2016,5,40.5392,-104.1044,40.5392,-104.1044,EF0,0,0,0,0,0.0,0.0,True
2016,11,32.402,-89.7807,32.4284,-89.747,EF1,0,0,0,0,30000.0,0.0,True
2016,11,32.4284,-89.747,32.5764,-89.4814,EF1,0,0,0,0,120000.0,0.0,True
2016,5,40.16,-103.21,40.16,-103.21,EF0,0,0,0,0,0.0,0.0,True
2016,5,39.83,-103.71,39.83,-103.71,EF0,0,0,0,0,0.0,0.0,True
2016,5,40.16,-103.21,40.16,-103.21,EF0,0,0,0,0,0.0,0.0,True
2016,12,30.5158,-89.3413,30.5157,-89.2954,EF0,0,0,0,0,0.0,0.0,True
2016,9,43.0661,-110.2556,43.101,-110.2528,EF1,0,0,0,0,1000.0,0.0,True
2016,7,41.5,-103.27,41.486,-103.2529,EF0,0,0,0,0,0.0,0.0,True
2016,1,31.6919,-90.5363,31.6989,-90.5212,EF0,0,0,0,0,10000.0,0.0,True
2016,1,31.8656,-90.0125,31.8835,-89.9496,EF1,0,0,0,0,17000.0,0.0,True
2016,4,30.0452,-95.1169,30.0454,-95.1146,EF0,0,0,0,0,10000.0,0.0,True
2016,4,30.061,-95.4782,30.0673,-95.4753,EF0,0,0,0,0,30000.0,0.0,True
2016,4,29.9212,-95.1611,29.9222,-95.1574,EF0,0,0,0,0,30000.0,0.0,True
2016,4,30.0982,-95.5511,30.096,-95.545,EF0,1,0,0,0,200000.0,0.0,True
2016,8,40.6832,-85.0247,40.7337,-84.8967,EF1,0,0,0,0,0.0,0.0,True
2016,8,41.1475,-84.9187,41.1953,-84.8425,EF3,0,0,0,0,0.0,0.0,True
2016,8,40.774,-86.0796,40.7742,-86.0785,EF0,0,0,0,0,0.0,0.0,True
2016,8,41.2527,-84.646,41.2686,-84.6232,EF2,0,0,0,0,0.0,0.0,True
2016,7,46.32,-85.4065,46.32,-85.4065,EF0,0,0,0,0,5000.0,0.0,True
2016,7,46.3685,-90.13,46.3739,-90.114,EF1,0,0,0,0,50000.0,0.0,True
2016,7,46.4341,-90.063,46.4512,-90.0181,EF1,0,0,0,0,100000.0,0.0,True
2016,8,41.3231,-84.3803,41.3461,-84.3397,EF2,0,0,0,0,0.0,0.0,True
2016,8,40.8241,-84.7257,40.8881,-84.6646,EF1,0,0,0,0,0.0,0.0,True
2016,8,40.9108,-84.5538,40.9601,-84.4932,EF0,0,0,0,0,0.0,0.0,True
2016,8,41.1661,-84.1828,41.1678,-84.1814,EF0,0,0,0,0,0.0,0.0,True
2016,8,40.9602,-84.4437,40.9874,-84.4134,EF0,0,0,0,0,0.0,0.0,True
2016,8,41.4342,-83.9518,41.4343,-83.95,EF0,0,0,0,0,0.0,0.0,True
2016,6,40.803,-85.4654,40.8015,-85.4196,EF1,0,0,0,0,0.0,0.0,True
2016,6,40.81,-85.4355,40.7823,-85.4095,EF2,0,0,0,0,0.0,0.0,True
2016,8,41.16,-84.1879,41.1661,-84.1828,EF0,0,0,0,0,0.0,0.0,True
2016,8,41.1614,-85.0551,41.1822,-85.0186,EF0,0,0,0,0,0.0,0.0,True
2016,8,41.368,-85.9299,41.3803,-85.9037,EF0,0,0,0,0,0.0,0.0,True
2016,8,41.0479,-84.3071,41.0636,-84.2958,EF0,0,0,0,0,0.0,0.0,True
2016,8,40.6103,-85.4249,40.6107,-85.4244,EF0,0,0,0,0,0.0,0.0,True
2016,8,41.4431,-85.7408,41.4435,-85.7397,EF0,0,0,0,0,0.0,0.0,True
2016,8,40.8878,-84.6698,40.9071,-84.6579,EF0,0,0,0,0,0.0,0.0,True
2016,4,40.461,-104.7405,40.461,-104.7405,EFU,0,0,0,0,0.0,0.0,True
2016,6,41.6152,-88.904,41.6,-88.889,EF1,0,0,0,0,0.0,0.0,True
2016,6,41.563,-88.7753,41.5656,-88.7424,EF1,0,0,0,0,0.0,0.0,True
2016,6,40.9183,-88.7776,40.8485,-88.5857,EF2,0,0,4,0,0.0,0.0,True
2016,6,40.7769,-88.2997,40.7763,-88.2989,EF0,0,0,0,0,0.0,0.0,True
2016,6,40.5867,-87.9016,40.5586,-87.8575,EF1,0,0,0,0,0.0,0.0,True
